Datetime,Open,High,Low,Close,Volume
2023-11-30 09:15:00,1200.0,1399.3,1200.0,1306.5,26126828
2023-11-30 10:15:00,1307.75,1324.7,1300.45,1307.8,7425433
2023-11-30 11:15:00,1307.9,1353.55,1307.05,1338.85,4512451
2023-11-30 12:15:00,1338.15,1343.95,1330.0,1331.3,1721737
2023-11-30 13:15:00,1332.45,1334.9,1310.35,1317.0,2046679
2023-11-30 14:15:00,1317.95,1319.95,1303.1,1306.7,2701201
2023-11-30 15:15:00,1306.7,1329.6,1302.0,1325.0,1751480
2023-12-01 09:15:00,1339.3,1345.0,1214.05,1237.45,9786042
2023-12-01 10:15:00,1237.7,1249.0,1235.55,1243.05,1759782
2023-12-01 11:15:00,1243.0,1245.6,1225.0,1230.55,1352700
2023-12-01 12:15:00,1230.55,1234.6,1217.5,1222.8,1278374
2023-12-01 13:15:00,1222.15,1234.75,1214.05,1226.65,1909444
2023-12-01 14:15:00,1226.7,1230.0,1216.4,1219.1,1486934
2023-12-01 15:15:00,1219.3,1223.9,1215.0,1216.0,841248
2023-12-04 09:15:00,1220.6,1231.95,1151.15,1155.55,4270152
2023-12-04 10:15:00,1155.55,1167.0,1152.0,1160.7,1289070
2023-12-04 11:15:00,1160.75,1174.9,1159.6,1169.5,1189974
2023-12-04 12:15:00,1169.3,1229.65,1167.0,1214.45,4249804
2023-12-04 13:15:00,1214.55,1218.95,1186.75,1210.0,1833061
2023-12-04 14:15:00,1209.8,1209.9,1187.9,1189.85,1234844
2023-12-04 15:15:00,1189.6,1198.7,1188.35,1189.0,572163
2023-12-05 09:15:00,1192.65,1221.25,1192.65,1211.25,1944273
2023-12-05 10:15:00,1211.25,1217.85,1209.0,1211.1,443744
2023-12-05 11:15:00,1211.65,1212.0,1195.0,1209.9,629553
2023-12-05 12:15:00,1209.95,1211.45,1205.1,1208.5,203119
2023-12-05 13:15:00,1209.0,1209.15,1201.0,1202.95,255211
2023-12-05 14:15:00,1202.95,1205.15,1194.65,1196.55,407713
2023-12-05 15:15:00,1196.0,1196.85,1177.0,1193.75,503884
2023-12-06 09:15:00,1202.0,1206.95,1181.0,1193.05,930511
2023-12-06 10:15:00,1193.05,1194.4,1187.0,1193.0,269394
2023-12-06 11:15:00,1193.05,1194.0,1187.0,1188.35,186970
2023-12-06 12:15:00,1188.4,1189.4,1182.5,1183.25,215284
2023-12-06 13:15:00,1183.25,1188.55,1182.5,1188.1,204211
2023-12-06 14:15:00,1188.1,1204.8,1187.55,1190.65,698910
2023-12-06 15:15:00,1190.75,1190.75,1185.0,1187.0,200996
2023-12-07 09:15:00,1192.95,1199.0,1180.0,1191.2,638047
2023-12-07 10:15:00,1191.5,1195.8,1189.9,1192.6,213546
2023-12-07 11:15:00,1193.0,1194.0,1190.85,1192.0,95481
2023-12-07 12:15:00,1191.8,1192.45,1186.1,1189.95,189083
2023-12-07 13:15:00,1190.0,1190.65,1187.0,1187.35,123326
2023-12-07 14:15:00,1187.75,1188.7,1185.0,1186.0,189069
2023-12-07 15:15:00,1185.85,1186.75,1183.1,1183.95,163719
2023-12-08 09:15:00,1189.0,1219.5,1188.55,1205.9,1091451
2023-12-08 10:15:00,1205.5,1211.95,1194.0,1196.75,525554
2023-12-08 11:15:00,1196.65,1202.9,1193.0,1201.05,220800
2023-12-08 12:15:00,1200.3,1203.95,1191.0,1195.2,220703
2023-12-08 13:15:00,1194.4,1195.95,1191.0,1194.0,129436
2023-12-08 14:15:00,1194.0,1199.95,1193.0,1195.65,171202
2023-12-08 15:15:00,1196.1,1196.1,1190.1,1190.5,153194
2023-12-11 09:15:00,1199.0,1218.8,1193.0,1214.15,881074
2023-12-11 10:15:00,1214.0,1247.0,1211.25,1227.55,2161580
2023-12-11 11:15:00,1227.55,1250.0,1223.2,1243.5,1009325
2023-12-11 12:15:00,1243.0,1269.65,1234.05,1263.25,1942387
2023-12-11 13:15:00,1262.9,1265.5,1242.2,1249.0,929363
2023-12-11 14:15:00,1249.0,1249.5,1235.0,1235.45,685655
2023-12-11 15:15:00,1236.0,1240.0,1234.7,1239.95,395755
2023-12-12 09:15:00,1254.0,1263.0,1244.5,1246.0,1094768
2023-12-12 10:15:00,1246.5,1249.0,1236.45,1245.9,353777
2023-12-12 11:15:00,1246.0,1246.7,1241.7,1245.8,137754
2023-12-12 12:15:00,1245.45,1245.45,1238.1,1241.1,133646
2023-12-12 13:15:00,1241.5,1245.4,1240.0,1241.0,136987
2023-12-12 14:15:00,1241.0,1241.75,1230.5,1232.0,364082
2023-12-12 15:15:00,1231.5,1236.4,1230.25,1233.0,176124
2023-12-13 09:15:00,1244.0,1284.6,1236.45,1269.05,2052194
2023-12-13 10:15:00,1268.65,1270.0,1256.8,1267.6,477171
2023-12-13 11:15:00,1267.65,1279.6,1264.05,1267.95,506769
2023-12-13 12:15:00,1267.0,1269.0,1257.95,1258.85,297136
2023-12-13 13:15:00,1258.5,1262.0,1258.0,1260.0,240247
2023-12-13 14:15:00,1260.0,1260.8,1248.95,1249.5,473124
2023-12-13 15:15:00,1249.5,1255.0,1241.55,1254.0,214436
2023-12-14 09:15:00,1270.0,1275.0,1253.0,1254.45,737313
2023-12-14 10:15:00,1254.0,1255.05,1245.35,1249.95,331113
2023-12-14 11:15:00,1249.9,1252.85,1247.3,1250.0,204330
2023-12-14 12:15:00,1249.9,1250.5,1243.4,1245.5,202420
2023-12-14 13:15:00,1245.2,1248.95,1245.1,1247.0,108058
2023-12-14 14:15:00,1246.65,1248.5,1240.55,1243.7,224695
2023-12-14 15:15:00,1244.0,1245.45,1240.25,1243.5,145948
2023-12-15 09:15:00,1255.95,1256.7,1245.3,1249.3,373213
2023-12-15 10:15:00,1249.05,1250.0,1241.95,1244.9,191899
2023-12-15 11:15:00,1244.9,1248.0,1244.0,1246.95,101222
2023-12-15 12:15:00,1247.0,1252.0,1244.05,1244.9,139717
2023-12-15 13:15:00,1245.0,1246.35,1241.55,1243.1,102241
2023-12-15 14:15:00,1243.25,1245.0,1240.4,1242.65,196319
2023-12-15 15:15:00,1242.6,1243.2,1240.1,1242.6,115161
2023-12-18 09:15:00,1245.65,1249.15,1226.4,1234.15,386031
2023-12-18 10:15:00,1234.0,1238.0,1231.2,1233.9,135937
2023-12-18 11:15:00,1233.9,1237.5,1232.05,1232.3,88345
2023-12-18 12:15:00,1232.8,1233.9,1230.1,1230.5,60669
2023-12-18 13:15:00,1230.5,1232.9,1229.7,1230.5,99049
2023-12-18 14:15:00,1230.2,1232.75,1229.15,1230.55,130169
2023-12-18 15:15:00,1230.0,1230.35,1227.0,1229.8,87926
2023-12-19 09:15:00,1233.0,1247.0,1224.9,1242.0,466609
2023-12-19 10:15:00,1242.0,1258.55,1241.4,1250.15,546031
2023-12-19 11:15:00,1248.0,1259.8,1248.0,1255.0,354026
2023-12-19 12:15:00,1254.95,1255.45,1246.8,1253.1,205418
2023-12-19 13:15:00,1253.2,1254.55,1247.05,1248.05,180674
2023-12-19 14:15:00,1248.5,1249.9,1238.05,1243.5,217397
2023-12-19 15:15:00,1243.5,1244.0,1238.15,1240.95,108327
2023-12-20 09:15:00,1247.9,1248.75,1232.3,1234.4,361232
2023-12-20 10:15:00,1234.4,1238.55,1233.0,1235.35,127721
2023-12-20 11:15:00,1235.3,1236.0,1232.5,1233.85,85341
2023-12-20 12:15:00,1233.8,1234.85,1227.2,1227.95,135159
2023-12-20 13:15:00,1228.2,1228.2,1202.7,1208.0,428253
2023-12-20 14:15:00,1208.2,1215.5,1201.0,1201.0,284357
2023-12-20 15:15:00,1201.45,1204.7,1198.0,1202.0,175356
2023-12-21 09:15:00,1165.25,1214.9,1165.25,1212.25,663999
2023-12-21 10:15:00,1212.25,1213.7,1202.0,1209.8,170545
2023-12-21 11:15:00,1209.15,1218.6,1206.05,1211.4,108697
2023-12-21 12:15:00,1211.4,1215.0,1207.3,1209.45,89187
2023-12-21 13:15:00,1209.45,1209.9,1196.1,1200.0,169575
2023-12-21 14:15:00,1200.0,1211.0,1199.25,1209.55,166675
2023-12-21 15:15:00,1209.25,1212.0,1206.95,1209.0,93019
2023-12-22 09:15:00,1214.7,1215.95,1207.8,1213.5,230751
2023-12-22 10:15:00,1213.5,1221.15,1212.5,1214.65,124957
2023-12-22 11:15:00,1214.0,1215.45,1213.5,1215.05,43349
2023-12-22 12:15:00,1215.0,1215.1,1208.1,1211.5,77080
2023-12-22 13:15:00,1211.0,1212.0,1205.0,1211.3,67947
2023-12-22 14:15:00,1211.5,1213.9,1208.25,1209.0,88414
2023-12-22 15:15:00,1209.35,1209.8,1206.5,1209.05,59805
2023-12-26 09:15:00,1210.0,1216.5,1209.05,1211.9,151878
2023-12-26 10:15:00,1211.55,1213.0,1204.0,1206.0,94245
2023-12-26 11:15:00,1206.4,1212.0,1206.0,1208.0,57118
2023-12-26 12:15:00,1208.0,1209.4,1202.0,1206.1,54221
2023-12-26 13:15:00,1206.0,1209.3,1202.0,1203.25,64316
2023-12-26 14:15:00,1203.25,1205.0,1203.0,1203.95,75431
2023-12-26 15:15:00,1203.9,1205.5,1200.75,1204.9,74199
2023-12-27 09:15:00,1208.0,1212.9,1202.55,1203.55,198117
2023-12-27 10:15:00,1203.2,1206.55,1202.0,1204.0,84652
2023-12-27 11:15:00,1204.0,1204.95,1201.05,1202.5,51642
2023-12-27 12:15:00,1202.55,1203.0,1196.2,1198.95,119765
2023-12-27 13:15:00,1198.95,1203.35,1197.5,1202.0,47579
2023-12-27 14:15:00,1201.95,1202.0,1198.0,1201.25,98103
2023-12-27 15:15:00,1201.25,1201.25,1197.5,1199.25,50184
2023-12-28 09:15:00,1200.0,1201.85,1183.15,1188.2,453216
2023-12-28 10:15:00,1188.3,1188.9,1169.2,1183.65,546530
2023-12-28 11:15:00,1183.65,1185.5,1179.0,1180.3,141465
2023-12-28 12:15:00,1180.3,1183.9,1180.0,1180.65,109512
2023-12-28 13:15:00,1180.15,1180.75,1179.0,1180.0,138079
2023-12-28 14:15:00,1180.0,1180.4,1175.0,1176.0,284818
2023-12-28 15:15:00,1175.3,1179.0,1172.0,1178.15,232622
2023-12-29 09:15:00,1180.0,1187.5,1170.9,1179.8,308850
2023-12-29 10:15:00,1179.6,1183.0,1176.15,1182.45,167861
2023-12-29 11:15:00,1181.6,1187.5,1180.75,1184.8,98161
2023-12-29 12:15:00,1184.3,1187.95,1180.0,1185.0,114906
2023-12-29 13:15:00,1185.8,1186.0,1179.3,1179.95,97467
2023-12-29 14:15:00,1180.0,1181.9,1179.0,1180.0,107991
2023-12-29 15:15:00,1179.95,1182.0,1179.55,1182.0,71603
2024-01-01 09:15:00,1184.0,1196.35,1180.4,1187.35,218204
2024-01-01 10:15:00,1188.75,1189.65,1185.05,1187.05,109794
2024-01-01 11:15:00,1187.6,1187.65,1184.0,1185.0,74357
2024-01-01 12:15:00,1185.0,1185.7,1183.5,1184.0,63925
2024-01-01 13:15:00,1184.0,1184.0,1181.45,1182.7,116994
2024-01-01 14:15:00,1182.6,1183.25,1180.0,1180.0,141187
2024-01-01 15:15:00,1180.0,1181.0,1180.0,1180.0,61938
2024-01-02 09:15:00,1184.0,1188.0,1180.5,1184.7,226341
2024-01-02 10:15:00,1184.75,1185.8,1178.0,1180.8,136930
2024-01-02 11:15:00,1180.55,1185.0,1178.05,1183.8,94097
2024-01-02 12:15:00,1183.8,1185.15,1182.1,1184.35,49730
2024-01-02 13:15:00,1184.35,1185.0,1182.1,1182.35,59538
2024-01-02 14:15:00,1182.9,1183.35,1181.2,1181.95,99822
2024-01-02 15:15:00,1181.95,1183.6,1181.0,1183.6,48042
2024-01-03 09:15:00,1180.0,1185.0,1174.0,1175.0,195805
2024-01-03 10:15:00,1175.0,1175.65,1170.15,1173.95,146629
2024-01-03 11:15:00,1174.05,1176.6,1169.45,1175.8,150133
2024-01-03 12:15:00,1176.3,1176.35,1170.5,1173.45,98016
2024-01-03 13:15:00,1173.9,1175.45,1170.5,1171.5,117451
2024-01-03 14:15:00,1171.35,1172.35,1170.1,1172.2,160404
2024-01-03 15:15:00,1172.25,1173.5,1171.55,1173.5,58508
2024-01-04 09:15:00,1175.0,1181.55,1174.05,1177.65,167808
2024-01-04 10:15:00,1177.0,1177.4,1174.05,1176.05,81327
2024-01-04 11:15:00,1176.05,1177.3,1173.15,1175.05,76103
2024-01-04 12:15:00,1175.05,1175.45,1172.0,1172.65,86466
2024-01-04 13:15:00,1172.7,1173.5,1172.0,1172.5,66691
2024-01-04 14:15:00,1172.3,1173.0,1170.0,1171.7,165359
2024-01-04 15:15:00,1171.85,1171.9,1170.0,1171.5,57670
2024-01-05 09:15:00,1173.5,1179.35,1171.0,1176.5,282443
2024-01-05 10:15:00,1176.5,1177.9,1173.85,1175.0,85011
2024-01-05 11:15:00,1175.6,1178.65,1174.0,1175.45,86154
2024-01-05 12:15:00,1175.45,1176.25,1175.0,1175.6,61066
2024-01-05 13:15:00,1175.55,1175.8,1173.6,1173.75,62180
2024-01-05 14:15:00,1173.6,1174.0,1170.45,1171.45,143480
2024-01-05 15:15:00,1171.0,1172.5,1170.2,1171.2,100192
2024-01-08 09:15:00,1174.7,1178.9,1169.75,1173.55,167787
2024-01-08 10:15:00,1173.75,1174.25,1169.4,1170.25,73410
2024-01-08 11:15:00,1170.2,1172.0,1169.0,1170.3,50489
2024-01-08 12:15:00,1170.3,1173.1,1169.0,1171.8,44309
2024-01-08 13:15:00,1171.95,1172.9,1170.05,1172.1,36316
2024-01-08 14:15:00,1171.9,1174.1,1170.0,1171.5,55967
2024-01-08 15:15:00,1171.5,1172.0,1171.0,1171.8,41874
2024-01-09 09:15:00,1178.1,1179.0,1172.0,1175.0,173450
2024-01-09 10:15:00,1175.0,1175.0,1170.15,1173.0,91815
2024-01-09 11:15:00,1173.4,1174.0,1170.0,1170.3,71815
2024-01-09 12:15:00,1170.25,1171.5,1169.5,1169.9,129419
2024-01-09 13:15:00,1169.9,1170.5,1169.1,1169.2,49616
2024-01-09 14:15:00,1169.3,1170.7,1167.0,1168.0,118180
2024-01-09 15:15:00,1168.0,1168.0,1165.1,1166.7,93870
2024-01-10 09:15:00,1170.1,1170.1,1156.5,1162.45,231875
2024-01-10 10:15:00,1162.75,1164.8,1161.05,1162.9,70681
2024-01-10 11:15:00,1162.65,1163.8,1160.0,1160.3,79050
2024-01-10 12:15:00,1160.7,1161.95,1160.05,1161.5,47440
2024-01-10 13:15:00,1161.5,1163.0,1160.25,1161.9,47148
2024-01-10 14:15:00,1162.4,1164.0,1161.0,1163.6,89054
2024-01-10 15:15:00,1163.1,1165.4,1160.3,1163.0,55336
2024-01-11 09:15:00,1167.95,1169.0,1158.05,1161.9,208628
2024-01-11 10:15:00,1161.9,1162.35,1160.0,1161.2,86957
2024-01-11 11:15:00,1161.8,1162.0,1160.0,1160.05,48572
2024-01-11 12:15:00,1160.0,1161.85,1160.0,1160.85,47509
2024-01-11 13:15:00,1160.85,1162.0,1160.0,1160.0,66845
2024-01-11 14:15:00,1160.1,1161.0,1158.0,1159.95,129116
2024-01-11 15:15:00,1159.95,1161.55,1158.5,1160.65,44012
2024-01-12 09:15:00,1163.7,1185.7,1161.45,1183.15,700308
2024-01-12 10:15:00,1183.0,1201.05,1179.9,1184.0,749087
2024-01-12 11:15:00,1184.0,1191.0,1184.0,1188.1,173009
2024-01-12 12:15:00,1188.85,1196.6,1181.5,1183.5,236400
2024-01-12 13:15:00,1183.5,1184.0,1175.0,1175.3,185012
2024-01-12 14:15:00,1175.05,1175.95,1165.0,1165.6,304838
2024-01-12 15:15:00,1166.0,1169.8,1165.6,1168.85,116969
2024-01-15 09:15:00,1180.0,1184.9,1169.15,1172.7,310812
2024-01-15 10:15:00,1172.25,1174.95,1172.1,1173.45,63243
2024-01-15 11:15:00,1173.5,1173.95,1170.0,1172.2,92699
2024-01-15 12:15:00,1172.2,1175.0,1172.1,1173.7,69863
2024-01-15 13:15:00,1173.5,1174.45,1171.8,1172.2,56487
2024-01-15 14:15:00,1171.7,1174.45,1170.25,1171.25,93636
2024-01-15 15:15:00,1171.65,1173.8,1171.1,1173.8,60797
2024-01-16 09:15:00,1171.9,1171.9,1163.1,1164.95,210416
2024-01-16 10:15:00,1164.6,1165.7,1164.0,1164.5,77198
2024-01-16 11:15:00,1164.55,1165.65,1161.2,1163.7,109535
2024-01-16 12:15:00,1164.0,1164.5,1160.05,1160.3,98259
2024-01-16 13:15:00,1160.4,1162.7,1160.0,1162.0,97448
2024-01-16 14:15:00,1162.7,1163.9,1161.0,1163.2,72896
2024-01-16 15:15:00,1162.75,1163.9,1162.25,1163.0,59314
2024-01-17 09:15:00,1157.9,1166.35,1153.25,1160.95,255566
2024-01-17 10:15:00,1161.0,1161.0,1157.0,1159.2,78467
2024-01-17 11:15:00,1159.35,1160.5,1155.5,1157.5,80386
2024-01-17 12:15:00,1157.25,1158.0,1156.0,1157.2,63785
2024-01-17 13:15:00,1157.1,1159.5,1156.7,1158.05,53047
2024-01-17 14:15:00,1158.75,1159.4,1155.05,1156.1,114999
2024-01-17 15:15:00,1156.25,1158.95,1156.0,1158.0,64123
2024-01-18 09:15:00,1155.1,1160.9,1130.6,1149.0,332013
2024-01-18 10:15:00,1149.0,1154.85,1146.3,1154.45,113788
2024-01-18 11:15:00,1154.25,1155.0,1149.0,1152.0,73910
2024-01-18 12:15:00,1151.75,1152.1,1148.0,1149.9,69955
2024-01-18 13:15:00,1149.95,1151.0,1148.85,1149.95,46003
2024-01-18 14:15:00,1149.95,1152.0,1147.6,1150.5,79078
2024-01-18 15:15:00,1150.25,1152.0,1149.3,1151.65,42637
2024-01-19 09:15:00,1157.0,1157.0,1149.05,1150.9,197501
2024-01-19 10:15:00,1150.45,1152.25,1148.0,1149.65,110047
2024-01-19 11:15:00,1149.5,1150.0,1142.5,1143.8,109703
2024-01-19 12:15:00,1143.55,1144.0,1142.0,1142.7,76378
2024-01-19 13:15:00,1142.9,1145.15,1142.1,1142.9,79474
2024-01-19 14:15:00,1142.65,1143.3,1140.0,1140.9,159446
2024-01-19 15:15:00,1140.55,1141.65,1140.0,1140.7,97755
2024-01-20 09:15:00,1145.0,1169.05,1142.75,1163.8,198372
2024-01-20 10:15:00,1164.45,1167.0,1159.4,1164.5,117096
2024-01-20 11:15:00,1165.0,1165.7,1160.0,1162.8,75191
2024-01-20 12:15:00,1162.8,1166.0,1161.8,1162.9,49087
2024-01-20 13:15:00,1162.1,1163.5,1158.7,1160.9,37705
2024-01-20 14:15:00,1160.9,1161.5,1153.5,1154.0,65356
2024-01-20 15:15:00,1153.5,1154.5,1150.2,1150.8,51379
2024-01-23 09:15:00,1162.2,1163.5,1153.0,1155.55,158104
2024-01-23 10:15:00,1156.4,1157.0,1150.1,1155.1,77214
2024-01-23 11:15:00,1155.1,1155.6,1145.7,1146.85,73202
2024-01-23 12:15:00,1147.5,1150.0,1145.55,1146.9,64009
2024-01-23 13:15:00,1147.0,1150.0,1146.15,1148.3,36330
2024-01-23 14:15:00,1147.55,1149.05,1142.0,1144.0,103046
2024-01-23 15:15:00,1143.5,1144.0,1140.15,1144.0,53764
2024-01-24 09:15:00,1149.0,1153.8,1139.55,1148.2,145091
2024-01-24 10:15:00,1147.45,1151.05,1147.0,1149.0,43618
2024-01-24 11:15:00,1148.95,1149.95,1141.0,1142.0,46356
2024-01-24 12:15:00,1142.0,1142.5,1139.9,1141.75,52288
2024-01-24 13:15:00,1141.75,1142.25,1140.25,1141.75,45614
2024-01-24 14:15:00,1141.75,1144.0,1141.45,1142.65,83201
2024-01-24 15:15:00,1142.0,1143.5,1140.9,1142.5,50015
2024-01-25 09:15:00,1146.0,1151.55,1139.25,1140.2,157661
2024-01-25 10:15:00,1140.95,1141.75,1138.5,1139.95,53034
2024-01-25 11:15:00,1139.55,1147.0,1139.05,1146.6,86963
2024-01-25 12:15:00,1147.0,1147.7,1142.05,1144.6,83603
2024-01-25 13:15:00,1144.6,1145.4,1140.2,1142.5,49517
2024-01-25 14:15:00,1141.8,1145.5,1141.0,1143.5,52201
2024-01-25 15:15:00,1143.0,1146.0,1142.9,1145.5,69856
2024-01-29 09:15:00,1161.0,1163.0,1143.0,1144.3,367321
2024-01-29 10:15:00,1144.25,1146.35,1142.0,1144.95,121303
2024-01-29 11:15:00,1145.0,1147.0,1142.0,1146.85,115522
2024-01-29 12:15:00,1146.25,1148.0,1144.85,1146.35,87241
2024-01-29 13:15:00,1146.5,1146.75,1137.8,1138.85,122199
2024-01-29 14:15:00,1138.5,1140.0,1137.15,1139.0,125218
2024-01-29 15:15:00,1139.0,1139.95,1137.45,1138.0,82700
2024-01-30 09:15:00,1141.5,1144.0,1131.2,1134.0,243429
2024-01-30 10:15:00,1133.6,1135.0,1131.25,1132.3,86243
2024-01-30 11:15:00,1132.0,1132.5,1128.85,1129.8,120750
2024-01-30 12:15:00,1129.9,1129.9,1118.35,1122.8,249986
2024-01-30 13:15:00,1122.8,1125.5,1118.5,1125.25,188279
2024-01-30 14:15:00,1125.3,1125.9,1120.0,1121.7,139365
2024-01-30 15:15:00,1121.05,1122.9,1118.25,1119.0,89082
2024-01-31 09:15:00,1124.7,1124.7,1109.45,1110.15,251961
2024-01-31 10:15:00,1110.05,1114.85,1110.05,1112.5,91113
2024-01-31 11:15:00,1113.15,1114.85,1111.1,1113.85,83604
2024-01-31 12:15:00,1113.8,1113.95,1111.1,1111.7,73933
2024-01-31 13:15:00,1112.0,1113.0,1110.1,1111.55,87583
2024-01-31 14:15:00,1112.0,1114.8,1111.3,1111.65,97203
2024-01-31 15:15:00,1111.95,1112.2,1110.45,1111.3,86827
2024-02-01 09:15:00,1119.0,1119.0,1095.0,1096.45,414590
2024-02-01 10:15:00,1096.4,1098.75,1094.2,1096.95,215778
2024-02-01 11:15:00,1096.7,1098.8,1094.5,1098.2,134279
2024-02-01 12:15:00,1097.35,1099.95,1097.0,1099.25,81962
2024-02-01 13:15:00,1099.2,1100.0,1097.0,1097.2,69980
2024-02-01 14:15:00,1097.2,1099.0,1095.6,1097.95,92620
2024-02-01 15:15:00,1097.65,1099.9,1097.0,1099.9,77412
2024-02-02 09:15:00,1101.05,1106.0,1094.0,1094.0,218795
2024-02-02 10:15:00,1094.0,1094.6,1088.25,1091.2,191812
2024-02-02 11:15:00,1091.3,1099.95,1091.25,1099.1,143668
2024-02-02 12:15:00,1099.1,1100.0,1095.0,1098.0,106358
2024-02-02 13:15:00,1097.55,1099.95,1096.25,1099.4,79574
2024-02-02 14:15:00,1099.4,1099.9,1097.0,1099.5,79109
2024-02-02 15:15:00,1099.3,1099.75,1097.0,1099.7,48738
2024-02-05 09:15:00,1101.05,1102.4,1088.95,1089.55,239958
2024-02-05 10:15:00,1090.0,1090.25,1088.0,1089.3,105003
2024-02-05 11:15:00,1089.3,1089.9,1088.0,1088.55,93628
2024-02-05 12:15:00,1088.95,1089.0,1087.0,1087.0,89459
2024-02-05 13:15:00,1087.0,1088.45,1085.0,1085.9,101149
2024-02-05 14:15:00,1085.9,1085.9,1080.0,1081.2,159006
2024-02-05 15:15:00,1081.05,1085.0,1080.55,1085.0,48199
2024-02-06 09:15:00,1082.5,1135.05,1071.35,1117.75,834278
2024-02-06 10:15:00,1118.0,1156.7,1107.05,1146.0,844233
2024-02-06 11:15:00,1145.05,1163.0,1142.55,1151.0,724000
2024-02-06 12:15:00,1151.5,1153.95,1131.1,1133.1,324194
2024-02-06 13:15:00,1133.4,1136.0,1124.2,1131.5,310017
2024-02-06 14:15:00,1131.4,1134.95,1122.65,1130.95,252727
2024-02-06 15:15:00,1131.25,1135.5,1128.05,1134.15,133800
2024-02-07 09:15:00,1148.3,1148.75,1131.65,1135.35,278830
2024-02-07 10:15:00,1135.0,1137.95,1122.2,1124.05,127548
2024-02-07 11:15:00,1124.75,1125.4,1109.7,1111.65,183090
2024-02-07 12:15:00,1111.1,1115.95,1109.4,1111.95,110144
2024-02-07 13:15:00,1112.0,1115.7,1110.05,1114.25,93123
2024-02-07 14:15:00,1114.25,1116.0,1111.5,1113.45,110315
2024-02-07 15:15:00,1113.2,1116.0,1111.75,1116.0,83629
2024-02-08 09:15:00,1122.8,1135.9,1114.6,1116.75,247335
2024-02-08 10:15:00,1116.4,1122.3,1107.15,1110.8,146963
2024-02-08 11:15:00,1111.0,1116.9,1110.25,1115.0,68825
2024-02-08 12:15:00,1114.75,1115.2,1112.0,1112.3,52447
2024-02-08 13:15:00,1112.3,1113.0,1108.55,1110.25,61247
2024-02-08 14:15:00,1110.2,1115.95,1108.15,1110.15,90046
2024-02-08 15:15:00,1110.8,1118.0,1110.8,1115.0,64712
2024-02-09 09:15:00,1116.4,1123.75,1104.2,1110.95,219687
2024-02-09 10:15:00,1110.15,1111.55,1099.15,1107.05,131102
2024-02-09 11:15:00,1105.85,1107.5,1102.05,1106.95,49063
2024-02-09 12:15:00,1106.9,1112.95,1105.95,1110.9,35319
2024-02-09 13:15:00,1111.8,1113.95,1107.95,1113.9,53331
2024-02-09 14:15:00,1113.95,1153.6,1112.35,1128.5,664915
2024-02-09 15:15:00,1128.5,1134.4,1125.3,1133.45,81958
2024-02-12 09:15:00,1134.0,1137.0,1113.15,1114.85,214464
2024-02-12 10:15:00,1113.75,1118.3,1107.0,1116.95,85313
2024-02-12 11:15:00,1116.5,1129.2,1114.95,1117.8,95159
2024-02-12 12:15:00,1117.85,1119.95,1113.35,1115.5,31988
2024-02-12 13:15:00,1115.05,1118.0,1113.1,1116.9,29512
2024-02-12 14:15:00,1117.05,1117.95,1107.9,1110.0,108923
2024-02-12 15:15:00,1109.9,1111.95,1107.0,1110.25,48603
2024-02-13 09:15:00,1120.0,1120.0,1088.25,1100.5,250808
2024-02-13 10:15:00,1101.0,1110.0,1096.55,1107.7,78484
2024-02-13 11:15:00,1108.35,1109.45,1098.05,1098.1,51041
2024-02-13 12:15:00,1097.6,1101.0,1095.3,1099.1,48477
2024-02-13 13:15:00,1099.35,1102.05,1096.5,1100.75,43028
2024-02-13 14:15:00,1100.65,1107.95,1100.05,1105.05,58691
2024-02-13 15:15:00,1106.25,1107.7,1100.05,1104.7,48321
2024-02-14 09:15:00,1093.0,1110.0,1089.25,1110.0,119683
2024-02-14 10:15:00,1109.95,1109.95,1103.25,1104.0,42451
2024-02-14 11:15:00,1103.7,1108.7,1103.7,1107.5,32268
2024-02-14 12:15:00,1107.0,1120.0,1104.1,1111.15,83743
2024-02-14 13:15:00,1111.0,1111.8,1105.35,1107.5,48728
2024-02-14 14:15:00,1107.5,1108.15,1104.05,1107.0,71600
2024-02-14 15:15:00,1106.9,1108.9,1104.8,1108.8,40737
2024-02-15 09:15:00,1112.95,1119.8,1106.65,1107.0,114785
2024-02-15 10:15:00,1108.7,1114.05,1107.55,1111.8,57998
2024-02-15 11:15:00,1112.75,1114.75,1111.0,1112.95,28707
2024-02-15 12:15:00,1112.95,1115.0,1110.0,1113.6,27090
2024-02-15 13:15:00,1113.3,1115.35,1111.05,1113.0,27736
2024-02-15 14:15:00,1113.0,1113.9,1108.0,1108.7,46716
2024-02-15 15:15:00,1108.7,1109.0,1104.5,1105.0,66982
2024-02-16 09:15:00,1111.7,1113.95,1105.25,1108.35,80020
2024-02-16 10:15:00,1107.65,1109.0,1104.0,1104.85,47368
2024-02-16 11:15:00,1104.9,1106.3,1104.0,1105.55,38086
2024-02-16 12:15:00,1105.05,1106.05,1101.4,1103.5,52834
2024-02-16 13:15:00,1103.4,1105.6,1102.0,1104.0,41820
2024-02-16 14:15:00,1104.0,1105.95,1102.2,1103.55,62561
2024-02-16 15:15:00,1103.45,1110.45,1103.2,1110.45,49338
2024-02-19 09:15:00,1108.7,1127.0,1107.25,1123.35,215856
2024-02-19 10:15:00,1124.2,1124.5,1116.05,1124.0,87751
2024-02-19 11:15:00,1124.0,1131.75,1120.5,1128.85,107444
2024-02-19 12:15:00,1129.65,1129.7,1125.15,1127.0,55309
2024-02-19 13:15:00,1126.6,1128.2,1126.05,1127.2,48261
2024-02-19 14:15:00,1127.05,1132.5,1120.1,1121.9,123600
2024-02-19 15:15:00,1121.85,1126.0,1121.65,1123.0,54969
2024-02-20 09:15:00,1123.75,1167.5,1121.75,1155.8,750215
2024-02-20 10:15:00,1155.9,1158.8,1150.05,1154.5,243580
2024-02-20 11:15:00,1154.5,1164.5,1154.5,1160.0,200317
2024-02-20 12:15:00,1159.6,1166.95,1157.95,1160.1,283239
2024-02-20 13:15:00,1160.2,1160.95,1152.0,1155.3,152861
2024-02-20 14:15:00,1155.45,1155.95,1151.55,1153.95,137863
2024-02-20 15:15:00,1153.9,1154.2,1150.15,1153.05,99642
2024-02-21 09:15:00,1165.0,1170.0,1151.4,1153.3,417779
2024-02-21 10:15:00,1154.0,1155.3,1139.25,1147.1,182052
2024-02-21 11:15:00,1148.2,1154.5,1142.9,1152.0,77764
2024-02-21 12:15:00,1151.65,1163.8,1151.3,1155.1,119011
2024-02-21 13:15:00,1155.95,1161.0,1150.0,1151.45,89401
2024-02-21 14:15:00,1151.3,1156.85,1147.0,1154.9,197401
2024-02-21 15:15:00,1154.45,1159.05,1152.55,1153.4,80185
2024-02-22 09:15:00,1159.95,1164.0,1143.35,1152.8,216710
2024-02-22 10:15:00,1152.5,1158.0,1148.5,1151.65,79573
2024-02-22 11:15:00,1150.85,1157.4,1150.15,1156.0,37632
2024-02-22 12:15:00,1156.4,1161.1,1154.4,1154.6,58840
2024-02-22 13:15:00,1155.0,1158.85,1153.4,1155.2,35521
2024-02-22 14:15:00,1155.55,1158.95,1154.0,1156.55,65794
2024-02-22 15:15:00,1156.0,1158.0,1155.0,1157.7,53174
2024-02-23 09:15:00,1161.7,1179.0,1159.7,1170.0,474916
2024-02-23 10:15:00,1169.8,1170.0,1158.2,1161.1,137289
2024-02-23 11:15:00,1161.0,1166.5,1160.05,1165.4,63430
2024-02-23 12:15:00,1165.0,1166.0,1163.0,1164.0,36938
2024-02-23 13:15:00,1164.0,1165.6,1162.1,1164.0,48543
2024-02-23 14:15:00,1164.0,1165.0,1160.1,1160.5,92112
2024-02-23 15:15:00,1160.75,1161.95,1156.25,1160.8,79773
2024-02-26 09:15:00,1160.5,1161.0,1102.75,1104.8,1020896
2024-02-26 10:15:00,1104.65,1106.0,1099.0,1102.85,532283
2024-02-26 11:15:00,1102.95,1103.85,1100.65,1102.0,249014
2024-02-26 12:15:00,1102.0,1103.55,1101.55,1102.5,177764
2024-02-26 13:15:00,1102.5,1105.05,1102.1,1102.5,180839
2024-02-26 14:15:00,1102.5,1103.4,1096.95,1099.0,399004
2024-02-26 15:15:00,1098.75,1100.0,1097.05,1099.95,189956
2024-02-27 09:15:00,1103.95,1110.1,1090.25,1091.65,375475
2024-02-27 10:15:00,1091.5,1095.95,1091.5,1095.0,78022
2024-02-27 11:15:00,1094.45,1096.75,1089.0,1089.95,228676
2024-02-27 12:15:00,1090.0,1090.0,1080.0,1082.4,205740
2024-02-27 13:15:00,1082.35,1082.35,1073.65,1077.9,308599
2024-02-27 14:15:00,1077.9,1078.05,1075.0,1075.45,214614
2024-02-27 15:15:00,1075.4,1077.25,1075.0,1075.6,169702
2024-02-28 09:15:00,1080.0,1085.35,1070.0,1070.05,321760
2024-02-28 10:15:00,1070.0,1071.9,1061.5,1061.8,237805
2024-02-28 11:15:00,1062.0,1062.3,1043.25,1048.65,423355
2024-02-28 12:15:00,1048.95,1056.15,1043.55,1043.65,216462
2024-02-28 13:15:00,1043.65,1052.0,1043.55,1048.15,196696
2024-02-28 14:15:00,1048.0,1049.9,1045.05,1045.3,224516
2024-02-28 15:15:00,1045.7,1048.55,1043.0,1044.95,168403
2024-02-29 09:15:00,1044.95,1050.95,1035.95,1038.65,346805
2024-02-29 10:15:00,1038.7,1054.9,1038.7,1054.9,116525
2024-02-29 11:15:00,1054.9,1062.95,1050.75,1060.8,206143
2024-02-29 12:15:00,1060.65,1064.95,1059.2,1060.0,127101
2024-02-29 13:15:00,1060.0,1094.95,1057.75,1078.05,907241
2024-02-29 14:15:00,1078.05,1085.0,1073.3,1082.65,236774
2024-02-29 15:15:00,1083.0,1085.0,1080.45,1084.05,155224
2024-03-01 09:15:00,1097.65,1105.0,1088.9,1089.85,371896
2024-03-01 10:15:00,1089.85,1091.95,1089.05,1091.4,66928
2024-03-01 11:15:00,1091.0,1091.95,1089.0,1089.95,51131
2024-03-01 12:15:00,1089.25,1091.6,1089.05,1090.85,41451
2024-03-01 13:15:00,1091.0,1091.2,1089.0,1089.35,42654
2024-03-01 14:15:00,1089.0,1089.5,1086.1,1088.25,69909
2024-03-01 15:15:00,1088.25,1090.0,1087.2,1087.5,52054
2024-03-02 09:15:00,1092.5,1096.9,1089.9,1094.5,73550
2024-03-02 11:15:00,1094.5,1098.0,1094.05,1094.9,54992
2024-03-02 12:15:00,1094.95,1095.5,1092.5,1094.45,26275
2024-03-04 09:15:00,1096.7,1096.7,1080.8,1082.3,135665
2024-03-04 10:15:00,1082.5,1083.95,1081.0,1082.05,75507
2024-03-04 11:15:00,1082.3,1086.5,1081.5,1081.65,48797
2024-03-04 12:15:00,1081.65,1082.75,1080.0,1080.6,42657
2024-03-04 13:15:00,1080.75,1082.5,1079.35,1082.5,61638
2024-03-04 14:15:00,1081.8,1082.65,1070.5,1071.0,149654
2024-03-04 15:15:00,1071.0,1075.55,1070.0,1075.0,54668
2024-03-05 09:15:00,1087.0,1100.2,1083.05,1096.35,449894
2024-03-05 10:15:00,1096.5,1096.7,1087.05,1088.15,135486
2024-03-05 11:15:00,1088.15,1090.55,1083.0,1083.7,99042
2024-03-05 12:15:00,1083.3,1084.95,1078.55,1080.0,80736
2024-03-05 13:15:00,1080.0,1083.5,1079.1,1080.0,55113
2024-03-05 14:15:00,1079.55,1080.0,1072.35,1072.7,134091
2024-03-05 15:15:00,1073.0,1078.6,1073.0,1075.0,74797
2024-03-06 09:15:00,1075.45,1076.2,1060.1,1062.7,166279
2024-03-06 10:15:00,1062.55,1063.9,1058.0,1060.5,81388
2024-03-06 11:15:00,1060.5,1065.35,1060.0,1062.9,53672
2024-03-06 12:15:00,1062.1,1069.4,1061.15,1067.75,41092
2024-03-06 13:15:00,1066.9,1068.8,1064.0,1068.6,56261
2024-03-06 14:15:00,1068.6,1073.35,1066.05,1069.8,95759
2024-03-06 15:15:00,1069.8,1070.95,1066.75,1068.5,42090
2024-03-07 09:15:00,1070.25,1093.0,1070.25,1084.3,271371
2024-03-07 10:15:00,1084.15,1132.5,1084.1,1112.6,1308402
2024-03-07 11:15:00,1112.6,1113.95,1098.05,1105.05,365398
2024-03-07 12:15:00,1106.15,1129.9,1106.0,1128.75,670320
2024-03-07 13:15:00,1128.0,1141.0,1123.35,1128.15,988360
2024-03-07 14:15:00,1127.75,1146.0,1125.0,1126.0,690601
2024-03-07 15:15:00,1125.6,1130.7,1122.3,1129.55,206363
2024-03-11 09:15:00,1130.0,1130.0,1086.15,1086.5,706237
2024-03-11 10:15:00,1086.35,1092.0,1085.55,1089.2,195064
2024-03-11 11:15:00,1089.2,1090.0,1085.9,1086.3,98128
2024-03-11 12:15:00,1086.3,1089.9,1085.5,1088.0,78888
2024-03-11 13:15:00,1088.0,1090.0,1086.1,1088.25,91328
2024-03-11 14:15:00,1088.3,1089.0,1085.0,1085.05,159745
2024-03-11 15:15:00,1085.05,1086.15,1081.0,1084.0,136945
2024-03-12 09:15:00,1086.95,1092.25,1068.95,1075.0,338747
2024-03-12 10:15:00,1074.9,1075.4,1067.6,1071.15,130650
2024-03-12 11:15:00,1071.15,1072.15,1066.85,1069.0,81414
2024-03-12 12:15:00,1069.0,1070.0,1066.55,1068.9,75393
2024-03-12 13:15:00,1068.3,1070.0,1068.3,1069.5,65960
2024-03-12 14:15:00,1069.05,1069.75,1063.7,1066.0,142930
2024-03-12 15:15:00,1066.6,1068.5,1065.3,1067.5,63209
2024-03-13 09:15:00,1082.05,1096.45,1051.1,1059.2,507407
2024-03-13 10:15:00,1059.25,1060.8,1052.4,1054.0,156214
2024-03-13 11:15:00,1054.4,1056.85,1050.05,1050.35,124162
2024-03-13 12:15:00,1050.0,1059.9,1045.15,1058.25,129388
2024-03-13 13:15:00,1058.0,1059.0,1046.0,1046.05,192076
2024-03-13 14:15:00,1046.7,1046.7,1023.35,1035.75,429176
2024-03-13 15:15:00,1035.75,1040.0,1033.3,1040.0,78826
2024-03-14 09:15:00,1037.95,1065.0,1031.1,1061.35,336802
2024-03-14 10:15:00,1060.85,1063.05,1053.7,1054.9,133160
2024-03-14 11:15:00,1054.7,1055.0,1043.6,1050.7,210518
2024-03-14 12:15:00,1050.8,1054.0,1047.65,1050.8,65662
2024-03-14 13:15:00,1050.8,1053.75,1048.25,1050.0,55326
2024-03-14 14:15:00,1050.0,1052.75,1048.55,1050.0,81387
2024-03-14 15:15:00,1050.0,1057.5,1048.5,1055.0,74888
2024-03-15 09:15:00,1052.7,1059.45,1045.6,1048.15,198742
2024-03-15 10:15:00,1048.2,1051.0,1042.75,1045.55,110620
2024-03-15 11:15:00,1045.55,1048.8,1045.0,1046.5,38774
2024-03-15 12:15:00,1046.85,1052.05,1045.3,1052.05,42020
2024-03-15 13:15:00,1052.4,1059.35,1051.3,1057.2,90032
2024-03-15 14:15:00,1056.8,1058.45,1048.25,1050.0,145776
2024-03-15 15:15:00,1049.95,1050.0,1048.0,1050.0,75449
2024-03-18 09:15:00,1051.0,1054.2,1042.55,1044.0,201529
2024-03-18 10:15:00,1044.1,1047.95,1043.0,1043.25,67468
2024-03-18 11:15:00,1043.0,1048.85,1042.0,1048.2,59232
2024-03-18 12:15:00,1048.1,1049.0,1047.0,1048.0,33494
2024-03-18 13:15:00,1048.0,1050.0,1047.05,1049.0,53470
2024-03-18 14:15:00,1049.0,1050.0,1046.15,1046.25,64919
2024-03-18 15:15:00,1046.95,1047.9,1046.0,1047.9,36601
2024-03-19 09:15:00,1048.0,1054.9,1043.75,1046.55,127795
2024-03-19 10:15:00,1046.55,1046.7,1041.6,1043.45,53243
2024-03-19 11:15:00,1043.65,1045.2,1041.35,1042.5,42545
2024-03-19 12:15:00,1042.5,1046.0,1042.0,1043.85,38956
2024-03-19 13:15:00,1043.9,1045.4,1041.55,1042.65,33183
2024-03-19 14:15:00,1042.5,1045.5,1041.0,1041.65,56195
2024-03-19 15:15:00,1041.8,1042.5,1040.5,1042.0,32805
2024-03-20 09:15:00,1041.85,1046.85,1029.0,1031.0,241436
2024-03-20 10:15:00,1030.5,1038.95,1027.0,1037.0,124696
2024-03-20 11:15:00,1036.35,1038.5,1034.0,1035.8,49400
2024-03-20 12:15:00,1035.95,1036.45,1031.2,1033.55,50038
2024-03-20 13:15:00,1033.5,1033.9,1029.0,1031.0,87716
2024-03-20 14:15:00,1030.95,1035.0,1030.4,1033.2,76307
2024-03-20 15:15:00,1033.0,1033.7,1031.0,1033.0,50628
2024-03-21 09:15:00,1043.0,1047.55,1035.1,1039.25,151569
2024-03-21 10:15:00,1039.25,1040.0,1029.05,1033.5,202284
2024-03-21 11:15:00,1032.9,1034.65,1030.25,1030.5,90923
2024-03-21 12:15:00,1030.45,1033.8,1030.45,1033.3,70573
2024-03-21 13:15:00,1033.45,1034.9,1032.9,1033.25,67814
2024-03-21 14:15:00,1033.2,1034.0,1030.7,1030.7,116220
2024-03-21 15:15:00,1031.25,1033.3,1030.0,1032.35,75792
2024-03-22 09:15:00,1031.0,1037.5,1027.0,1032.95,183336
2024-03-22 10:15:00,1032.95,1035.45,1029.75,1034.3,94110
2024-03-22 11:15:00,1034.3,1036.25,1032.9,1034.4,71824
2024-03-22 12:15:00,1034.45,1035.95,1033.5,1034.0,54110
2024-03-22 13:15:00,1034.0,1034.0,1031.0,1032.5,53209
2024-03-22 14:15:00,1032.5,1033.55,1031.0,1031.6,72695
2024-03-22 15:15:00,1031.65,1034.95,1031.0,1034.95,54429
2024-03-26 09:15:00,1032.0,1036.0,1025.5,1027.8,226048
2024-03-26 10:15:00,1027.5,1030.0,1025.5,1027.45,112875
2024-03-26 11:15:00,1026.8,1028.0,1025.05,1025.5,96535
2024-03-26 12:15:00,1025.75,1026.9,1025.0,1025.95,56848
2024-03-26 13:15:00,1025.7,1026.85,1025.0,1025.8,72321
2024-03-26 14:15:00,1025.8,1026.6,1023.0,1023.35,172432
2024-03-26 15:15:00,1023.3,1023.7,1020.0,1022.0,124652
2024-03-27 09:15:00,1025.45,1033.0,1024.2,1028.5,211451
2024-03-27 10:15:00,1028.0,1029.6,1023.5,1024.6,121120
2024-03-27 11:15:00,1024.8,1027.2,1023.0,1023.3,60675
2024-03-27 12:15:00,1023.55,1025.0,1023.05,1024.7,60218
2024-03-27 13:15:00,1024.7,1026.95,1023.0,1023.95,86589
2024-03-27 14:15:00,1024.0,1032.95,1021.05,1028.95,308976
2024-03-27 15:15:00,1029.0,1030.0,1023.0,1027.9,136539
2024-03-28 09:15:00,1031.0,1037.95,1030.6,1033.65,190581
2024-03-28 10:15:00,1033.85,1034.55,1030.0,1032.5,80764
2024-03-28 11:15:00,1032.5,1033.35,1028.05,1028.4,89656
2024-03-28 12:15:00,1028.4,1032.45,1026.05,1026.9,123957
2024-03-28 13:15:00,1026.85,1027.95,1022.15,1024.0,135781
2024-03-28 14:15:00,1023.9,1024.7,1020.6,1020.9,158139
2024-03-28 15:15:00,1020.25,1021.0,1020.0,1020.6,106594
2024-04-01 09:15:00,1040.0,1048.5,1033.5,1043.0,209958
2024-04-01 10:15:00,1043.0,1044.95,1041.0,1043.95,50594
2024-04-01 11:15:00,1043.95,1052.95,1043.25,1052.6,84255
2024-04-01 12:15:00,1052.6,1057.45,1044.0,1044.65,162127
2024-04-01 13:15:00,1044.6,1049.3,1043.15,1048.35,50252
2024-04-01 14:15:00,1048.35,1055.45,1047.0,1050.0,306468
2024-04-01 15:15:00,1050.0,1050.0,1049.0,1049.8,80109
2024-04-02 09:15:00,1059.5,1104.75,1048.05,1101.6,1493770
2024-04-02 10:15:00,1101.8,1127.0,1101.0,1111.1,1592038
2024-04-02 11:15:00,1110.95,1123.6,1106.0,1122.85,502258
2024-04-02 12:15:00,1122.8,1123.5,1089.1,1107.3,745458
2024-04-02 13:15:00,1107.5,1108.0,1088.55,1090.0,442037
2024-04-02 14:15:00,1089.6,1097.3,1086.35,1091.1,487136
2024-04-02 15:15:00,1091.1,1096.0,1089.0,1095.15,230636
2024-04-03 09:15:00,1104.7,1115.6,1058.4,1100.5,1493233
2024-04-03 10:15:00,1100.0,1136.0,1094.0,1135.2,751398
2024-04-03 11:15:00,1134.65,1139.5,1125.0,1133.5,1107608
2024-04-03 12:15:00,1133.5,1136.45,1130.75,1134.5,315445
2024-04-03 13:15:00,1135.3,1146.0,1133.55,1134.5,631183
2024-04-03 14:15:00,1135.0,1139.9,1132.75,1133.55,346586
2024-04-03 15:15:00,1133.55,1136.45,1130.05,1133.9,225333
2024-04-04 09:15:00,1142.95,1146.0,1116.15,1128.75,761580
2024-04-04 10:15:00,1128.9,1128.9,1121.15,1126.45,225389
2024-04-04 11:15:00,1126.8,1147.75,1125.05,1132.7,677828
2024-04-04 12:15:00,1133.05,1138.15,1125.1,1130.75,212729
2024-04-04 13:15:00,1130.45,1135.0,1127.75,1129.25,159467
2024-04-04 14:15:00,1129.8,1144.0,1129.25,1135.55,305648
2024-04-04 15:15:00,1134.95,1140.0,1133.3,1136.6,130836
2024-04-05 09:15:00,1133.0,1137.95,1119.0,1124.7,356669
2024-04-05 10:15:00,1124.8,1128.0,1116.0,1121.4,459114
2024-04-05 11:15:00,1121.4,1123.0,1120.0,1121.95,86561
2024-04-05 12:15:00,1121.95,1123.0,1120.0,1120.85,69454
2024-04-05 13:15:00,1120.7,1122.85,1120.0,1120.7,81109
2024-04-05 14:15:00,1121.35,1124.7,1118.05,1121.6,165369
2024-04-05 15:15:00,1121.55,1124.0,1120.0,1123.9,81072
2024-04-08 09:15:00,1130.05,1130.65,1109.05,1113.95,307007
2024-04-08 10:15:00,1113.4,1114.45,1110.0,1112.35,126368
2024-04-08 11:15:00,1112.1,1113.5,1110.5,1111.1,77620
2024-04-08 12:15:00,1111.1,1111.7,1106.5,1107.0,101019
2024-04-08 13:15:00,1107.3,1107.3,1101.5,1102.45,123119
2024-04-08 14:15:00,1102.1,1106.5,1100.05,1102.9,168464
2024-04-08 15:15:00,1102.9,1104.75,1100.0,1104.75,86777
2024-04-09 09:15:00,1110.9,1129.7,1091.1,1105.05,1276259
2024-04-09 10:15:00,1105.0,1105.2,1099.05,1104.0,185470
2024-04-09 11:15:00,1104.0,1111.2,1104.0,1107.85,170673
2024-04-09 12:15:00,1107.85,1113.7,1107.45,1109.0,187617
2024-04-09 13:15:00,1109.0,1109.0,1099.0,1102.7,264497
2024-04-09 14:15:00,1102.7,1111.8,1102.4,1111.5,210002
2024-04-09 15:15:00,1111.5,1111.75,1100.0,1104.9,138571
2024-04-10 09:15:00,1110.0,1114.9,1103.0,1107.7,198245
2024-04-10 10:15:00,1108.6,1113.8,1107.65,1112.8,98795
2024-04-10 11:15:00,1114.3,1118.0,1107.65,1113.25,139648
2024-04-10 12:15:00,1113.25,1114.9,1108.15,1108.65,68167
2024-04-10 13:15:00,1108.65,1110.0,1108.1,1109.3,55723
2024-04-10 14:15:00,1109.3,1109.6,1101.0,1105.5,136859
2024-04-10 15:15:00,1105.5,1105.55,1098.1,1100.0,153341
2024-04-12 09:15:00,1099.95,1107.4,1096.05,1099.45,178045
2024-04-12 10:15:00,1099.25,1100.95,1096.0,1099.0,90371
2024-04-12 11:15:00,1099.4,1100.9,1098.85,1100.0,53285
2024-04-12 12:15:00,1099.95,1100.0,1092.7,1096.1,85964
2024-04-12 13:15:00,1096.05,1097.9,1090.2,1090.25,84828
2024-04-12 14:15:00,1090.55,1095.0,1089.0,1089.2,105603
2024-04-12 15:15:00,1089.2,1092.2,1088.9,1091.9,70032
2024-04-15 09:15:00,1062.0,1074.3,1050.35,1069.85,455065
2024-04-15 10:15:00,1069.85,1072.9,1062.25,1063.25,157666
2024-04-15 11:15:00,1063.4,1072.0,1062.0,1071.8,71376
2024-04-15 12:15:00,1071.35,1073.9,1068.1,1070.8,65954
2024-04-15 13:15:00,1070.2,1072.0,1060.8,1063.7,109432
2024-04-15 14:15:00,1064.45,1065.15,1061.0,1062.1,82732
2024-04-15 15:15:00,1062.1,1069.7,1061.0,1067.8,105176
2024-04-16 09:15:00,1060.0,1072.9,1058.65,1070.0,213654
2024-04-16 10:15:00,1070.0,1071.0,1068.0,1070.5,57673
2024-04-16 11:15:00,1070.85,1081.7,1070.25,1076.15,186650
2024-04-16 12:15:00,1076.0,1080.65,1067.9,1071.15,164724
2024-04-16 13:15:00,1071.2,1073.0,1068.95,1071.4,58288
2024-04-16 14:15:00,1071.4,1077.95,1050.1,1051.95,321347
2024-04-16 15:15:00,1051.7,1056.05,1050.0,1054.55,251672
2024-04-18 09:15:00,1068.0,1071.65,1059.6,1065.65,172075
2024-04-18 10:15:00,1066.0,1067.0,1059.0,1060.75,95182
2024-04-18 11:15:00,1061.0,1062.35,1059.05,1059.4,104263
2024-04-18 12:15:00,1059.4,1060.95,1055.75,1058.5,97634
2024-04-18 13:15:00,1058.05,1058.9,1052.0,1052.05,106405
2024-04-18 14:15:00,1052.45,1055.9,1047.05,1048.5,172948
2024-04-18 15:15:00,1048.55,1050.05,1047.7,1048.8,55839
2024-04-19 09:15:00,1040.0,1044.95,1033.05,1038.65,273848
2024-04-19 10:15:00,1039.5,1041.5,1034.05,1035.0,127972
2024-04-19 11:15:00,1035.0,1038.2,1033.95,1035.95,96761
2024-04-19 12:15:00,1036.0,1042.25,1035.05,1041.0,83628
2024-04-19 13:15:00,1041.0,1045.25,1039.5,1042.4,92640
2024-04-19 14:15:00,1042.35,1044.1,1038.1,1041.2,103422
2024-04-19 15:15:00,1041.15,1041.85,1039.0,1041.4,66005
2024-04-22 09:15:00,1053.55,1053.55,1043.55,1044.65,179041
2024-04-22 10:15:00,1044.75,1053.0,1044.1,1051.0,69338
2024-04-22 11:15:00,1051.0,1063.3,1048.85,1050.0,156498
2024-04-22 12:15:00,1049.75,1050.7,1045.1,1048.85,68968
2024-04-22 13:15:00,1048.85,1054.85,1048.85,1052.7,47126
2024-04-22 14:15:00,1052.7,1053.9,1048.0,1051.0,121425
2024-04-22 15:15:00,1051.0,1054.0,1050.0,1053.9,48969
2024-04-23 09:15:00,1055.0,1065.5,1053.9,1061.95,196000
2024-04-23 10:15:00,1061.95,1063.0,1055.5,1057.5,71518
2024-04-23 11:15:00,1057.65,1063.8,1056.6,1060.95,65722
2024-04-23 12:15:00,1060.6,1072.6,1060.0,1065.5,119660
2024-04-23 13:15:00,1065.5,1070.0,1063.0,1068.55,72478
2024-04-23 14:15:00,1068.55,1094.7,1068.0,1080.7,608188
2024-04-23 15:15:00,1080.8,1084.9,1080.2,1081.25,93416
2024-04-24 09:15:00,1088.4,1090.15,1078.05,1084.6,182485
2024-04-24 10:15:00,1084.6,1088.5,1082.9,1086.0,88128
2024-04-24 11:15:00,1086.0,1087.0,1078.5,1080.85,61549
2024-04-24 12:15:00,1080.85,1084.9,1079.0,1081.6,77012
2024-04-24 13:15:00,1081.0,1085.0,1080.25,1085.0,53958
2024-04-24 14:15:00,1085.0,1087.25,1084.0,1087.15,116582
2024-04-24 15:15:00,1087.5,1089.8,1081.1,1084.95,73471
2024-04-25 09:15:00,1084.7,1084.7,1077.5,1079.55,135591
2024-04-25 10:15:00,1080.0,1080.15,1071.0,1072.0,105364
2024-04-25 11:15:00,1072.0,1072.05,1068.05,1070.0,99599
2024-04-25 12:15:00,1069.85,1071.1,1068.7,1069.25,60719
2024-04-25 13:15:00,1069.3,1070.95,1068.3,1069.75,61405
2024-04-25 14:15:00,1069.85,1076.0,1067.1,1068.9,176490
2024-04-25 15:15:00,1068.55,1070.0,1068.0,1069.5,83498
2024-04-26 09:15:00,1074.7,1081.9,1070.25,1074.35,151091
2024-04-26 10:15:00,1074.35,1078.5,1072.65,1075.65,38004
2024-04-26 11:15:00,1075.7,1078.0,1074.0,1075.6,51098
2024-04-26 12:15:00,1075.95,1077.9,1072.6,1073.85,32278
2024-04-26 13:15:00,1073.85,1074.05,1070.0,1072.0,41550
2024-04-26 14:15:00,1072.0,1075.0,1071.05,1073.5,50707
2024-04-26 15:15:00,1073.0,1073.95,1070.5,1070.5,35938
2024-04-29 09:15:00,1080.05,1080.05,1067.0,1068.25,121577
2024-04-29 10:15:00,1068.5,1070.75,1066.05,1070.7,55351
2024-04-29 11:15:00,1070.7,1080.0,1067.0,1069.4,124031
2024-04-29 12:15:00,1069.4,1071.6,1068.0,1069.75,39055
2024-04-29 13:15:00,1069.5,1071.25,1069.0,1070.0,97236
2024-04-29 14:15:00,1069.9,1071.0,1063.3,1064.1,191719
2024-04-29 15:15:00,1064.1,1068.85,1063.0,1068.0,54553
2024-04-30 09:15:00,1067.0,1070.0,1063.3,1063.6,143354
2024-04-30 10:15:00,1064.0,1064.0,1058.0,1060.75,126792
2024-04-30 11:15:00,1060.15,1064.6,1060.0,1063.1,44599
2024-04-30 12:15:00,1063.1,1063.95,1062.0,1062.4,35033
2024-04-30 13:15:00,1062.4,1067.95,1062.0,1065.25,64306
2024-04-30 14:15:00,1065.75,1067.7,1063.7,1066.7,99656
2024-04-30 15:15:00,1066.5,1070.0,1066.0,1067.0,48560
2024-05-02 09:15:00,1069.4,1088.0,1064.55,1086.0,440764
2024-05-02 10:15:00,1086.2,1090.5,1075.1,1076.0,205559
2024-05-02 11:15:00,1075.55,1076.4,1070.1,1071.35,80461
2024-05-02 12:15:00,1072.1,1077.75,1071.0,1075.45,96991
2024-05-02 13:15:00,1075.45,1076.5,1071.8,1073.1,84507
2024-05-02 14:15:00,1073.05,1095.0,1070.15,1089.5,645585
2024-05-02 15:15:00,1089.5,1093.0,1088.0,1092.0,150453
2024-05-03 09:15:00,1100.0,1109.8,1092.0,1101.3,648080
2024-05-03 10:15:00,1101.3,1101.3,1084.95,1090.7,235159
2024-05-03 11:15:00,1090.2,1091.0,1080.5,1082.4,177112
2024-05-03 12:15:00,1082.4,1087.35,1076.0,1079.25,120478
2024-05-03 13:15:00,1079.0,1082.45,1076.0,1081.0,107681
2024-05-03 14:15:00,1081.65,1091.8,1081.4,1089.95,203153
2024-05-03 15:15:00,1089.95,1090.15,1080.65,1085.0,105075
2024-05-06 09:15:00,1042.0,1054.95,1032.7,1040.65,905555
2024-05-06 10:15:00,1040.65,1048.9,1040.5,1048.0,187489
2024-05-06 11:15:00,1048.0,1050.0,1045.55,1049.2,141033
2024-05-06 12:15:00,1049.2,1058.45,1045.35,1054.1,205484
2024-05-06 13:15:00,1054.1,1057.95,1045.25,1049.05,169060
2024-05-06 14:15:00,1048.9,1050.55,1043.0,1046.25,147317
2024-05-06 15:15:00,1046.25,1047.0,1043.25,1045.5,87474
2024-05-07 09:15:00,1050.0,1055.45,1036.0,1036.45,237932
2024-05-07 10:15:00,1036.55,1037.3,1030.0,1030.85,198625
2024-05-07 11:15:00,1030.5,1031.0,1025.05,1028.55,154526
2024-05-07 12:15:00,1028.7,1032.4,1028.0,1030.2,88476
2024-05-07 13:15:00,1030.2,1039.9,1029.05,1036.85,108943
2024-05-07 14:15:00,1036.7,1040.0,1034.0,1038.0,114382
2024-05-07 15:15:00,1039.95,1041.4,1038.05,1040.5,63908
2024-05-08 09:15:00,1040.0,1044.75,1034.0,1039.95,106302
2024-05-08 10:15:00,1039.95,1039.95,1035.0,1036.55,62596
2024-05-08 11:15:00,1036.5,1040.0,1035.05,1037.45,49475
2024-05-08 12:15:00,1037.45,1038.45,1035.05,1036.2,41042
2024-05-08 13:15:00,1036.2,1038.3,1031.05,1031.5,75693
2024-05-08 14:15:00,1031.55,1033.5,1029.0,1029.55,122467
2024-05-08 15:15:00,1029.55,1030.0,1028.0,1029.0,62114
2024-05-09 09:15:00,1034.4,1036.15,1023.55,1025.0,154435
2024-05-09 10:15:00,1025.0,1027.35,1022.5,1024.5,81639
2024-05-09 11:15:00,1024.5,1026.3,1022.55,1024.5,99217
2024-05-09 12:15:00,1024.5,1026.25,1022.5,1023.2,36468
2024-05-09 13:15:00,1023.75,1023.95,1019.25,1021.5,120105
2024-05-09 14:15:00,1021.75,1022.35,1016.0,1016.6,121855
2024-05-09 15:15:00,1016.6,1016.75,1012.0,1014.0,75878
2024-05-10 09:15:00,1019.35,1022.8,1008.35,1016.8,172888
2024-05-10 10:15:00,1016.2,1016.85,1009.0,1011.25,105148
2024-05-10 11:15:00,1011.2,1015.0,1009.5,1010.05,73102
2024-05-10 12:15:00,1010.05,1011.9,1007.3,1007.85,80543
2024-05-10 13:15:00,1008.2,1009.85,1006.05,1007.6,75171
2024-05-10 14:15:00,1007.6,1009.95,1006.7,1009.35,86463
2024-05-10 15:15:00,1009.35,1015.0,1008.2,1013.95,55698
2024-05-13 09:15:00,1014.35,1017.85,1005.0,1008.15,139980
2024-05-13 10:15:00,1008.2,1012.95,1005.0,1012.35,70084
2024-05-13 11:15:00,1011.85,1016.5,1011.5,1016.35,47496
2024-05-13 12:15:00,1016.0,1017.75,1014.1,1017.0,32161
2024-05-13 13:15:00,1016.45,1021.0,1014.0,1020.9,47623
2024-05-13 14:15:00,1020.9,1026.85,1020.0,1021.0,59122
2024-05-13 15:15:00,1021.0,1023.5,1018.25,1018.75,36239
2024-05-14 09:15:00,1025.1,1043.8,1022.15,1037.0,188821
2024-05-14 10:15:00,1036.4,1043.0,1036.4,1041.7,78914
2024-05-14 11:15:00,1041.65,1047.45,1040.45,1047.45,76507
2024-05-14 12:15:00,1047.25,1048.0,1043.5,1045.9,52875
2024-05-14 13:15:00,1045.9,1059.9,1044.0,1058.55,197775
2024-05-14 14:15:00,1058.6,1063.1,1055.1,1058.3,225697
2024-05-14 15:15:00,1058.2,1062.0,1055.0,1060.1,71373
2024-05-15 09:15:00,1058.0,1061.1,1048.75,1050.65,124708
2024-05-15 10:15:00,1050.85,1060.0,1048.0,1059.05,70870
2024-05-15 11:15:00,1059.05,1061.0,1054.25,1058.9,43820
2024-05-15 12:15:00,1058.4,1059.0,1051.1,1054.75,47083
2024-05-15 13:15:00,1054.55,1057.3,1053.65,1055.6,25243
2024-05-15 14:15:00,1055.05,1059.0,1049.8,1050.9,76276
2024-05-15 15:15:00,1050.7,1056.5,1048.0,1056.5,42414
2024-05-16 09:15:00,1056.35,1062.15,1050.5,1054.0,63606
2024-05-16 10:15:00,1054.6,1055.0,1050.05,1051.95,29199
2024-05-16 11:15:00,1052.35,1055.0,1051.0,1054.5,25452
2024-05-16 12:15:00,1054.5,1055.85,1048.5,1049.85,26225
2024-05-16 13:15:00,1049.8,1052.3,1046.0,1048.65,35055
2024-05-16 14:15:00,1048.65,1051.0,1047.5,1048.15,32442
2024-05-16 15:15:00,1048.15,1052.0,1046.1,1050.5,26430
2024-05-17 09:15:00,1053.0,1053.5,1044.0,1045.6,88014
2024-05-17 10:15:00,1045.05,1047.75,1045.0,1047.7,40515
2024-05-17 11:15:00,1047.5,1048.8,1044.1,1045.15,43128
2024-05-17 12:15:00,1045.0,1046.9,1044.15,1045.3,31683
2024-05-17 13:15:00,1045.25,1046.5,1044.0,1044.0,38705
2024-05-17 14:15:00,1044.75,1047.85,1044.0,1047.5,55169
2024-05-17 15:15:00,1047.2,1047.8,1045.0,1046.0,34571
2024-05-18 09:15:00,1048.0,1054.8,1047.55,1052.75,34275
2024-05-18 11:15:00,1050.0,1056.5,1042.55,1052.45,33909
2024-05-18 12:15:00,1052.0,1052.5,1049.0,1050.0,13760
2024-05-21 09:15:00,1057.0,1060.8,1048.7,1058.15,115025
2024-05-21 10:15:00,1058.15,1059.0,1054.0,1055.9,36304
2024-05-21 11:15:00,1055.25,1058.0,1053.3,1053.3,45097
2024-05-21 12:15:00,1053.3,1054.0,1049.95,1050.8,45385
2024-05-21 13:15:00,1050.8,1052.0,1049.0,1051.0,25503
2024-05-21 14:15:00,1051.0,1052.0,1049.0,1051.25,44210
2024-05-21 15:15:00,1051.45,1059.0,1050.0,1056.0,36462
2024-05-22 09:15:00,1059.85,1061.8,1050.1,1055.0,83046
2024-05-22 10:15:00,1055.0,1055.5,1051.3,1053.0,26076
2024-05-22 11:15:00,1053.65,1055.55,1051.0,1055.2,25671
2024-05-22 12:15:00,1055.0,1055.4,1051.55,1053.9,24425
2024-05-22 13:15:00,1053.45,1057.0,1052.8,1055.95,24584
2024-05-22 14:15:00,1055.25,1056.3,1053.0,1053.9,28490
2024-05-22 15:15:00,1053.5,1055.2,1050.7,1054.5,25697
2024-05-23 09:15:00,1054.8,1059.8,1050.0,1051.15,71496
2024-05-23 10:15:00,1050.45,1053.1,1050.1,1052.15,34365
2024-05-23 11:15:00,1051.7,1053.1,1050.0,1051.1,40681
2024-05-23 12:15:00,1051.15,1052.0,1050.0,1051.5,26992
2024-05-23 13:15:00,1051.05,1051.7,1049.0,1049.8,44760
2024-05-23 14:15:00,1049.8,1051.0,1049.0,1049.7,51312
2024-05-23 15:15:00,1049.6,1051.35,1048.25,1050.75,38064
2024-05-24 09:15:00,1050.95,1061.45,1049.0,1055.95,136977
2024-05-24 10:15:00,1055.95,1060.0,1055.1,1058.55,60709
2024-05-24 11:15:00,1058.6,1059.5,1055.95,1057.0,45515
2024-05-24 12:15:00,1056.3,1071.8,1056.1,1068.1,178611
2024-05-24 13:15:00,1068.75,1109.85,1066.2,1095.95,1382932
2024-05-24 14:15:00,1095.95,1096.9,1082.25,1087.0,326132
2024-05-24 15:15:00,1087.0,1087.75,1081.25,1083.8,105235
2024-05-27 09:15:00,1093.0,1115.9,1087.8,1098.95,731680
2024-05-27 10:15:00,1098.95,1103.95,1096.0,1101.95,132435
2024-05-27 11:15:00,1101.6,1104.0,1098.0,1098.5,92224
2024-05-27 12:15:00,1098.45,1098.45,1090.0,1093.65,90097
2024-05-27 13:15:00,1093.8,1097.0,1089.05,1094.2,85208
2024-05-27 14:15:00,1094.8,1095.0,1085.15,1093.8,119488
2024-05-27 15:15:00,1093.9,1094.5,1087.2,1090.0,53506
2024-05-28 09:15:00,1077.95,1087.85,1072.3,1074.95,233228
2024-05-28 10:15:00,1074.3,1077.0,1069.4,1072.55,93047
2024-05-28 11:15:00,1072.55,1073.0,1067.65,1067.8,55473
2024-05-28 12:15:00,1067.7,1069.9,1063.0,1068.0,64237
2024-05-28 13:15:00,1068.0,1068.9,1066.0,1067.15,33170
2024-05-28 14:15:00,1067.15,1069.85,1064.65,1066.85,68024
2024-05-28 15:15:00,1066.85,1067.9,1064.0,1065.95,42969
2024-05-29 09:15:00,1059.8,1072.3,1057.1,1062.55,138166
2024-05-29 10:15:00,1062.55,1063.8,1057.15,1059.95,58573
2024-05-29 11:15:00,1059.95,1060.0,1054.0,1054.9,62797
2024-05-29 12:15:00,1054.75,1056.7,1052.6,1056.25,40837
2024-05-29 13:15:00,1056.25,1057.45,1055.85,1056.3,38662
2024-05-29 14:15:00,1056.25,1056.5,1051.0,1052.5,79257
2024-05-29 15:15:00,1052.5,1055.0,1051.0,1054.0,42687
2024-05-30 09:15:00,1052.95,1067.3,1052.0,1060.8,163689
2024-05-30 10:15:00,1060.75,1062.3,1058.0,1058.65,83989
2024-05-30 11:15:00,1058.0,1058.25,1050.05,1051.35,62226
2024-05-30 12:15:00,1052.0,1056.0,1050.05,1052.7,42533
2024-05-30 13:15:00,1053.4,1054.05,1048.3,1052.85,82502
2024-05-30 14:15:00,1052.3,1052.3,1045.05,1050.25,65779
2024-05-30 15:15:00,1049.95,1054.0,1048.1,1051.8,34243
2024-05-31 09:15:00,1049.95,1056.0,1042.95,1044.1,109417
2024-05-31 10:15:00,1044.0,1048.95,1041.05,1046.5,63420
2024-05-31 11:15:00,1046.5,1053.1,1045.7,1052.0,41264
2024-05-31 12:15:00,1051.45,1052.7,1047.55,1048.45,37026
2024-05-31 13:15:00,1048.45,1049.8,1047.0,1049.5,42064
2024-05-31 14:15:00,1049.75,1049.8,1023.8,1029.0,273527
2024-05-31 15:15:00,1028.95,1029.0,1027.6,1029.0,104500
2024-06-03 09:15:00,1069.0,1069.0,1043.0,1046.0,241762
2024-06-03 10:15:00,1046.4,1046.7,1036.2,1040.0,121269
2024-06-03 11:15:00,1039.55,1044.0,1038.0,1039.15,75222
2024-06-03 12:15:00,1039.95,1040.95,1034.25,1036.0,100772
2024-06-03 13:15:00,1036.0,1036.95,1034.6,1036.6,91283
2024-06-03 14:15:00,1036.6,1036.6,1034.5,1036.0,96074
2024-06-03 15:15:00,1035.95,1038.7,1034.15,1038.0,67094
2024-06-04 09:15:00,1035.5,1037.5,1001.6,1025.95,395607
2024-06-04 10:15:00,1025.95,1027.0,1001.0,1004.0,254130
2024-06-04 11:15:00,1004.0,1014.0,995.0,996.6,348540
2024-06-04 12:15:00,996.6,1014.55,982.25,1013.25,320762
2024-06-04 13:15:00,1014.0,1024.0,1010.0,1018.5,198946
2024-06-04 14:15:00,1018.5,1019.15,1009.3,1015.05,160162
2024-06-04 15:15:00,1015.05,1015.95,1010.6,1012.0,50541
2024-06-05 09:15:00,1028.0,1028.0,1000.1,1017.4,206029
2024-06-05 10:15:00,1017.6,1026.35,1014.3,1020.5,123083
2024-06-05 11:15:00,1021.0,1024.0,1015.1,1023.2,97747
2024-06-05 12:15:00,1023.2,1033.0,1022.75,1029.6,57903
2024-06-05 13:15:00,1029.1,1031.9,1026.05,1027.8,55930
2024-06-05 14:15:00,1027.65,1033.55,1026.15,1030.5,78994
2024-06-05 15:15:00,1031.0,1031.5,1027.0,1030.2,39143
2024-06-06 09:15:00,1041.8,1056.8,1036.3,1052.9,334107
2024-06-06 10:15:00,1052.9,1061.0,1047.85,1051.2,217833
2024-06-06 11:15:00,1051.1,1051.95,1044.0,1049.1,121106
2024-06-06 12:15:00,1049.8,1055.9,1046.05,1047.5,85415
2024-06-06 13:15:00,1047.2,1049.45,1044.1,1044.95,49660
2024-06-06 14:15:00,1044.95,1049.95,1041.9,1049.25,54796
2024-06-06 15:15:00,1049.25,1052.0,1047.0,1051.0,48888
2024-06-07 09:15:00,1056.9,1071.05,1050.0,1066.3,405835
2024-06-07 10:15:00,1066.0,1067.5,1061.0,1064.65,115132
2024-06-07 11:15:00,1065.0,1071.0,1061.35,1063.65,125208
2024-06-07 12:15:00,1063.35,1064.85,1061.0,1061.4,73559
2024-06-07 13:15:00,1061.95,1062.9,1056.9,1057.9,108441
2024-06-07 14:15:00,1057.5,1063.5,1057.0,1060.8,103863
2024-06-07 15:15:00,1060.8,1063.0,1057.3,1061.7,63267
2024-06-10 09:15:00,1061.45,1069.45,1057.5,1061.0,235712
2024-06-10 10:15:00,1060.9,1065.5,1059.25,1061.0,113805
2024-06-10 11:15:00,1060.55,1062.0,1056.0,1056.1,90649
2024-06-10 12:15:00,1056.2,1058.9,1056.2,1057.7,44754
2024-06-10 13:15:00,1058.0,1060.4,1056.0,1059.35,76438
2024-06-10 14:15:00,1059.0,1060.0,1053.9,1057.75,76456
2024-06-10 15:15:00,1057.4,1059.95,1056.35,1058.85,44211
2024-06-11 09:15:00,1063.45,1068.0,1058.05,1062.0,241116
2024-06-11 10:15:00,1062.0,1073.7,1061.05,1061.95,204862
2024-06-11 11:15:00,1061.95,1062.8,1059.25,1061.3,88890
2024-06-11 12:15:00,1061.1,1063.55,1059.25,1062.85,79436
2024-06-11 13:15:00,1062.85,1063.0,1060.05,1061.15,62095
2024-06-11 14:15:00,1061.0,1062.0,1059.0,1059.8,113886
2024-06-11 15:15:00,1059.8,1061.8,1058.05,1060.8,57543
2024-06-12 09:15:00,1062.95,1067.45,1059.75,1062.6,278275
2024-06-12 10:15:00,1062.75,1063.95,1058.55,1059.3,134453
2024-06-12 11:15:00,1059.5,1059.95,1055.55,1057.55,88562
2024-06-12 12:15:00,1057.9,1059.65,1056.15,1057.45,58687
2024-06-12 13:15:00,1057.6,1062.0,1055.0,1059.2,148404
2024-06-12 14:15:00,1059.3,1061.0,1057.0,1058.55,80796
2024-06-12 15:15:00,1058.8,1060.6,1057.1,1060.6,44563
2024-06-13 09:15:00,1057.95,1063.0,1054.5,1058.45,289121
2024-06-13 10:15:00,1058.15,1058.95,1052.95,1054.85,114995
2024-06-13 11:15:00,1054.5,1056.0,1052.05,1052.75,89715
2024-06-13 12:15:00,1052.75,1053.5,1047.05,1049.0,170749
2024-06-13 13:15:00,1049.0,1049.0,1046.5,1047.95,113588
2024-06-13 14:15:00,1047.9,1049.9,1047.7,1048.7,103242
2024-06-13 15:15:00,1048.9,1051.0,1047.1,1050.85,72801
2024-06-14 09:15:00,1049.05,1049.5,1037.45,1039.75,318428
2024-06-14 10:15:00,1039.75,1041.0,1039.0,1039.9,161329
2024-06-14 11:15:00,1039.9,1039.95,1038.35,1038.9,86753
2024-06-14 12:15:00,1038.9,1039.0,1038.05,1038.95,102718
2024-06-14 13:15:00,1038.95,1039.1,1037.8,1039.0,125927
2024-06-14 14:15:00,1038.8,1039.0,1037.45,1038.0,238894
2024-06-14 15:15:00,1038.0,1038.5,1036.85,1037.0,105049
2024-06-18 09:15:00,1040.05,1041.75,1031.95,1033.75,345989
2024-06-18 10:15:00,1033.65,1042.0,1032.55,1034.0,236424
2024-06-18 11:15:00,1034.0,1034.45,1033.4,1034.0,80558
2024-06-18 12:15:00,1034.0,1034.0,1030.2,1031.95,116956
2024-06-18 13:15:00,1031.9,1032.0,1030.1,1031.3,90109
2024-06-18 14:15:00,1031.05,1032.95,1027.95,1029.6,210600
2024-06-18 15:15:00,1029.6,1030.75,1028.0,1030.0,93196
2024-06-19 09:15:00,1040.0,1043.9,1028.6,1029.1,388311
2024-06-19 10:15:00,1029.05,1030.0,1021.0,1025.0,213203
2024-06-19 11:15:00,1025.0,1027.5,1024.4,1026.0,90108
2024-06-19 12:15:00,1026.0,1027.0,1024.8,1025.35,123823
2024-06-19 13:15:00,1025.95,1026.0,1024.6,1025.0,69471
2024-06-19 14:15:00,1025.1,1030.0,1024.85,1026.4,122994
2024-06-19 15:15:00,1026.85,1034.0,1025.05,1029.0,100040
2024-06-20 09:15:00,1027.05,1027.25,1004.25,1010.4,900954
2024-06-20 10:15:00,1010.4,1012.7,1009.1,1012.7,303852
2024-06-20 11:15:00,1012.7,1012.7,1010.5,1012.05,237795
2024-06-20 12:15:00,1012.0,1013.0,1008.9,1011.0,301684
2024-06-20 13:15:00,1011.1,1012.0,1009.0,1009.9,218108
2024-06-20 14:15:00,1009.9,1011.0,1009.35,1010.0,241828
2024-06-20 15:15:00,1009.9,1011.95,1009.6,1011.9,166428
2024-06-21 09:15:00,1011.0,1013.9,1006.65,1011.0,746781
2024-06-21 10:15:00,1011.0,1013.0,999.8,1003.8,721360
2024-06-21 11:15:00,1003.9,1004.4,999.45,1003.4,341127
2024-06-21 12:15:00,1003.35,1003.55,999.5,1001.2,283628
2024-06-21 13:15:00,1001.0,1002.95,999.85,1001.85,251476
2024-06-21 14:15:00,1001.85,1002.65,982.65,982.75,2877822
2024-06-21 15:15:00,982.75,998.3,982.65,994.7,1802371
2024-06-24 09:15:00,992.25,1006.95,989.75,1003.5,538335
2024-06-24 10:15:00,1003.5,1006.0,1001.8,1005.35,127813
2024-06-24 11:15:00,1005.35,1005.75,1002.1,1003.95,74686
2024-06-24 12:15:00,1004.0,1005.55,998.0,1000.2,108613
2024-06-24 13:15:00,1000.2,1000.7,999.05,1000.0,63337
2024-06-24 14:15:00,1000.0,1000.3,999.0,1000.0,89523
2024-06-24 15:15:00,999.5,1000.0,998.05,999.9,74040
2024-06-25 09:15:00,1004.0,1007.0,1002.0,1004.9,143788
2024-06-25 10:15:00,1004.9,1006.85,1002.0,1002.9,81387
2024-06-25 11:15:00,1002.75,1003.0,1000.0,1002.5,56034
2024-06-25 12:15:00,1002.2,1002.95,1000.1,1001.55,40675
2024-06-25 13:15:00,1001.5,1002.1,1000.0,1000.95,41833
2024-06-25 14:15:00,1000.9,1002.0,1000.0,1000.85,63677
2024-06-25 15:15:00,1000.8,1002.0,1000.0,1002.0,37536
2024-06-26 09:15:00,1003.0,1010.0,1000.35,1004.3,193141
2024-06-26 10:15:00,1004.3,1006.7,1004.0,1006.5,73063
2024-06-26 11:15:00,1006.4,1008.5,1006.15,1007.95,63536
2024-06-26 12:15:00,1007.95,1007.95,1004.5,1004.7,60778
2024-06-26 13:15:00,1004.7,1005.9,1004.55,1005.35,25290
2024-06-26 14:15:00,1005.35,1005.35,1002.85,1003.75,56445
2024-06-26 15:15:00,1003.5,1004.6,1002.65,1003.55,34910
2024-06-27 09:15:00,1005.55,1011.0,1003.0,1008.5,182764
2024-06-27 10:15:00,1008.5,1025.0,1003.7,1019.7,318773
2024-06-27 11:15:00,1020.0,1026.5,1018.3,1021.45,298331
2024-06-27 12:15:00,1021.45,1021.5,1015.0,1016.2,125867
2024-06-27 13:15:00,1016.2,1016.2,1011.1,1012.7,72254
2024-06-27 14:15:00,1012.9,1021.9,1008.55,1018.4,250798
2024-06-27 15:15:00,1018.35,1018.5,1012.0,1015.0,88077
2024-06-28 09:15:00,1018.0,1027.9,1018.0,1027.0,265580
2024-06-28 10:15:00,1027.35,1027.5,1020.0,1021.3,129818
2024-06-28 11:15:00,1021.9,1023.7,1020.0,1020.0,55027
2024-06-28 12:15:00,1020.5,1020.6,1017.25,1019.85,66627
2024-06-28 13:15:00,1019.5,1020.95,1017.55,1019.0,43162
2024-06-28 14:15:00,1019.0,1022.0,1018.1,1021.0,96805
2024-06-28 15:15:00,1021.7,1024.0,1021.45,1022.6,78857
2024-07-01 09:15:00,1023.05,1026.0,1019.0,1021.25,127873
2024-07-01 10:15:00,1021.55,1029.5,1020.55,1025.0,114862
2024-07-01 11:15:00,1024.5,1025.0,1015.2,1017.55,127978
2024-07-01 12:15:00,1017.35,1017.95,1016.0,1017.65,50828
2024-07-01 13:15:00,1017.7,1017.9,1013.8,1014.2,67064
2024-07-01 14:15:00,1014.2,1018.0,1014.0,1015.0,80408
2024-07-01 15:15:00,1014.8,1014.9,1012.0,1013.15,55591
2024-07-02 09:15:00,1014.95,1019.1,1008.85,1011.8,129106
2024-07-02 10:15:00,1011.25,1011.9,1009.1,1011.35,64712
2024-07-02 11:15:00,1011.25,1011.4,1009.1,1010.0,48876
2024-07-02 12:15:00,1009.5,1010.6,1006.75,1009.35,54373
2024-07-02 13:15:00,1009.0,1009.8,1006.75,1008.95,44802
2024-07-02 14:15:00,1008.25,1010.0,1008.1,1010.0,51366
2024-07-02 15:15:00,1009.9,1010.6,1008.5,1010.6,35014
2024-07-03 09:15:00,1014.25,1014.3,1008.85,1009.1,98471
2024-07-03 10:15:00,1009.5,1010.5,1008.15,1009.5,69132
2024-07-03 11:15:00,1009.25,1010.05,1009.0,1009.8,50174
2024-07-03 12:15:00,1009.8,1011.0,1009.0,1009.55,44406
2024-07-03 13:15:00,1009.5,1011.0,1009.05,1010.0,47447
2024-07-03 14:15:00,1009.8,1010.2,1009.0,1009.75,59240
2024-07-03 15:15:00,1009.75,1010.0,1009.1,1010.0,38633
2024-07-04 09:15:00,1012.75,1013.3,1009.0,1009.8,109456
2024-07-04 10:15:00,1009.8,1010.3,1006.2,1010.0,85093
2024-07-04 11:15:00,1010.0,1010.1,1008.1,1009.9,56433
2024-07-04 12:15:00,1009.95,1010.45,1009.05,1009.1,50801
2024-07-04 13:15:00,1009.8,1010.4,1009.0,1009.6,42394
2024-07-04 14:15:00,1009.6,1010.0,1008.5,1009.0,81093
2024-07-04 15:15:00,1009.0,1009.4,1008.0,1009.25,32741
2024-07-05 09:15:00,1012.9,1019.0,1009.4,1015.5,193443
2024-07-05 10:15:00,1015.5,1016.0,1012.05,1013.15,59602
2024-07-05 11:15:00,1013.2,1015.15,1012.0,1014.0,53640
2024-07-05 12:15:00,1013.5,1014.75,1010.0,1010.1,173128
2024-07-05 13:15:00,1010.5,1011.8,1009.05,1010.95,61840
2024-07-05 14:15:00,1010.3,1011.95,1009.05,1011.0,72279
2024-07-05 15:15:00,1010.75,1011.95,1009.5,1010.0,83725
2024-07-08 09:15:00,1013.95,1015.75,1005.15,1006.45,132065
2024-07-08 10:15:00,1006.45,1009.0,1003.85,1005.1,102954
2024-07-08 11:15:00,1004.45,1006.0,1003.5,1003.55,49651
2024-07-08 12:15:00,1004.0,1005.5,1003.0,1004.9,30658
2024-07-08 13:15:00,1004.95,1007.85,1004.0,1005.4,60238
2024-07-08 14:15:00,1005.4,1007.75,1004.0,1004.8,48756
2024-07-08 15:15:00,1004.8,1005.0,1003.5,1004.0,29931
2024-07-09 09:15:00,1004.55,1018.95,1004.5,1017.75,210868
2024-07-09 10:15:00,1018.0,1024.2,1015.0,1021.0,228865
2024-07-09 11:15:00,1021.0,1024.6,1018.5,1023.35,157917
2024-07-09 12:15:00,1023.0,1023.95,1010.6,1015.5,145695
2024-07-09 13:15:00,1015.4,1018.25,1011.0,1014.9,107405
2024-07-09 14:15:00,1014.6,1015.6,1009.0,1014.25,100750
2024-07-09 15:15:00,1013.7,1015.0,1010.05,1013.0,48208
2024-07-10 09:15:00,1011.95,1026.75,1011.95,1018.9,340123
2024-07-10 10:15:00,1018.15,1020.5,1007.7,1013.95,172557
2024-07-10 11:15:00,1014.0,1024.7,1013.0,1015.25,112754
2024-07-10 12:15:00,1015.4,1016.5,1012.4,1014.95,46857
2024-07-10 13:15:00,1014.85,1017.5,1013.0,1014.7,51592
2024-07-10 14:15:00,1014.65,1015.0,1012.5,1014.0,86495
2024-07-10 15:15:00,1014.0,1014.0,1008.7,1011.35,84572
2024-07-11 09:15:00,1014.8,1022.9,1012.0,1014.1,219560
2024-07-11 10:15:00,1014.0,1016.0,1012.15,1014.95,74312
2024-07-11 11:15:00,1014.6,1016.8,1012.0,1016.65,63992
2024-07-11 12:15:00,1016.5,1019.0,1015.0,1016.95,96411
2024-07-11 13:15:00,1016.45,1019.95,1014.4,1016.4,74158
2024-07-11 14:15:00,1016.15,1017.5,1014.15,1014.75,106168
2024-07-11 15:15:00,1014.95,1015.0,1011.95,1012.8,48490
2024-07-12 09:15:00,1019.0,1024.7,1016.0,1017.05,217193
2024-07-12 10:15:00,1017.1,1022.0,1015.0,1021.65,150772
2024-07-12 11:15:00,1021.65,1043.0,1019.55,1034.8,972279
2024-07-12 12:15:00,1034.45,1035.0,1026.0,1026.55,468482
2024-07-12 13:15:00,1027.0,1042.75,1026.55,1032.9,532661
2024-07-12 14:15:00,1033.0,1038.0,1030.0,1035.0,398586
2024-07-12 15:15:00,1034.4,1035.35,1030.0,1032.0,129136
2024-07-15 09:15:00,1040.0,1043.9,1024.2,1027.5,359894
2024-07-15 10:15:00,1027.45,1028.55,1022.65,1024.0,117136
2024-07-15 11:15:00,1024.0,1030.95,1023.0,1029.3,197208
2024-07-15 12:15:00,1029.05,1029.75,1026.1,1027.6,87650
2024-07-15 13:15:00,1027.5,1028.95,1026.0,1028.6,72033
2024-07-15 14:15:00,1028.6,1028.8,1023.75,1025.05,170985
2024-07-15 15:15:00,1025.0,1026.9,1022.0,1023.9,85421
2024-07-16 09:15:00,1027.05,1033.0,1023.9,1025.95,236693
2024-07-16 10:15:00,1026.0,1026.9,1024.1,1025.3,77174
2024-07-16 11:15:00,1025.25,1025.8,1021.5,1022.4,78033
2024-07-16 12:15:00,1022.4,1024.7,1020.1,1024.0,70399
2024-07-16 13:15:00,1023.6,1024.15,1013.55,1015.65,128402
2024-07-16 14:15:00,1015.6,1019.2,1012.25,1015.15,120767
2024-07-16 15:15:00,1015.15,1017.9,1013.8,1015.9,83861
2024-07-18 09:15:00,1018.95,1020.0,1008.25,1011.05,191352
2024-07-18 10:15:00,1011.05,1012.0,1008.35,1008.8,89777
2024-07-18 11:15:00,1008.8,1010.4,1008.0,1010.0,67044
2024-07-18 12:15:00,1010.1,1010.25,1008.0,1009.95,53144
2024-07-18 13:15:00,1009.95,1011.25,1009.4,1011.2,66395
2024-07-18 14:15:00,1011.25,1012.5,1008.0,1009.7,127814
2024-07-18 15:15:00,1009.75,1010.0,1008.05,1009.75,50484
2024-07-19 09:15:00,997.7,1004.0,990.0,996.15,507989
2024-07-19 10:15:00,995.95,1000.4,994.0,996.3,149574
2024-07-19 11:15:00,996.9,1001.95,994.8,999.5,123182
2024-07-19 12:15:00,999.5,1000.0,997.75,999.35,79758
2024-07-19 13:15:00,999.0,1005.8,998.0,999.4,112999
2024-07-19 14:15:00,998.7,999.95,995.5,997.85,90397
2024-07-19 15:15:00,998.0,999.0,995.05,997.9,79368
2024-07-22 09:15:00,997.0,998.0,990.5,994.1,165142
2024-07-22 10:15:00,994.1,995.0,991.95,992.5,112179
2024-07-22 11:15:00,993.0,994.65,992.0,992.25,81266
2024-07-22 12:15:00,992.25,993.4,991.9,993.0,52101
2024-07-22 13:15:00,993.0,995.0,992.4,993.5,50788
2024-07-22 14:15:00,993.5,994.25,992.25,992.95,72004
2024-07-22 15:15:00,992.95,993.0,992.0,993.0,48253
2024-07-23 09:15:00,995.0,1006.95,995.0,999.75,198681
2024-07-23 10:15:00,999.85,1000.0,994.35,996.3,104209
2024-07-23 11:15:00,996.25,996.85,993.6,994.8,45378
2024-07-23 12:15:00,994.75,996.5,983.7,993.3,212733
2024-07-23 13:15:00,993.0,998.0,992.85,996.5,69979
2024-07-23 14:15:00,996.9,1001.45,994.6,997.75,90806
2024-07-23 15:15:00,997.75,997.75,994.0,996.45,36234
2024-07-24 09:15:00,995.0,1006.8,994.0,1005.65,109141
2024-07-24 10:15:00,1006.0,1007.6,1002.75,1003.95,49648
2024-07-24 11:15:00,1003.95,1004.3,1001.7,1002.5,30889
2024-07-24 12:15:00,1002.5,1004.85,1000.85,1004.65,27148
2024-07-24 13:15:00,1004.3,1004.65,1001.25,1002.5,23739
2024-07-24 14:15:00,1002.5,1003.0,996.05,998.5,80132
2024-07-24 15:15:00,998.0,999.0,995.6,998.45,39012
2024-07-25 09:15:00,995.8,1000.0,994.0,997.8,99122
2024-07-25 10:15:00,997.2,1002.0,996.55,1000.5,76310
2024-07-25 11:15:00,1000.85,1001.0,998.05,999.7,49126
2024-07-25 12:15:00,999.7,999.95,997.0,999.3,28734
2024-07-25 13:15:00,999.3,1000.0,998.05,999.35,31019
2024-07-25 14:15:00,999.35,1000.0,997.65,999.7,66177
2024-07-25 15:15:00,999.7,1000.0,999.0,1000.0,27706
2024-07-26 09:15:00,999.9,1003.0,997.1,1000.0,187613
2024-07-26 10:15:00,1000.0,1004.0,997.5,1001.95,171216
2024-07-26 11:15:00,1001.6,1003.4,998.8,999.95,109788
2024-07-26 12:15:00,999.95,1001.3,999.05,1000.0,50961
2024-07-26 13:15:00,1000.0,1001.0,998.0,998.9,59393
2024-07-26 14:15:00,998.9,1000.0,998.2,999.45,75812
2024-07-26 15:15:00,999.7,1000.0,998.0,998.65,66882
2024-07-29 09:15:00,1003.0,1007.35,1000.5,1005.0,124242
2024-07-29 10:15:00,1005.0,1005.45,1002.25,1003.0,37863
2024-07-29 11:15:00,1003.0,1003.0,1002.0,1002.3,39656
2024-07-29 12:15:00,1002.95,1003.0,999.1,1001.0,77358
2024-07-29 13:15:00,1001.0,1001.7,1000.0,1000.25,31628
2024-07-29 14:15:00,1000.5,1002.0,999.05,1000.85,47791
2024-07-29 15:15:00,1001.0,1001.6,999.05,999.75,38343
2024-07-30 09:15:00,1004.45,1004.5,1000.1,1001.5,83745
2024-07-30 10:15:00,1001.25,1003.0,999.8,999.9,77483
2024-07-30 11:15:00,999.9,1000.8,999.0,1000.25,64902
2024-07-30 12:15:00,1000.25,1002.65,999.0,999.5,47985
2024-07-30 13:15:00,999.55,1000.05,999.1,999.95,27650
2024-07-30 14:15:00,999.8,1000.35,998.1,999.15,97051
2024-07-30 15:15:00,999.15,999.9,998.0,999.5,31980
2024-07-31 09:15:00,1000.0,1004.0,998.95,1000.05,83133
2024-07-31 10:15:00,1000.0,1002.75,999.0,999.9,73701
2024-07-31 11:15:00,999.5,1000.1,999.0,999.95,44234
2024-07-31 12:15:00,999.8,1000.9,999.0,1000.0,27577
2024-07-31 13:15:00,1000.0,1000.2,999.0,1000.0,28472
2024-07-31 14:15:00,1000.0,1000.1,999.0,999.35,41338
2024-07-31 15:15:00,999.35,1000.0,999.0,999.7,21784
2024-08-01 09:15:00,1001.6,1004.0,998.55,999.85,168448
2024-08-01 10:15:00,999.85,1000.0,997.0,997.4,99925
2024-08-01 11:15:00,997.4,999.0,997.0,998.0,47387
2024-08-01 12:15:00,997.5,998.8,996.0,997.15,57039
2024-08-01 13:15:00,997.1,997.65,996.0,996.3,43361
2024-08-01 14:15:00,996.3,996.95,994.05,996.15,106119
2024-08-01 15:15:00,996.15,996.8,994.0,995.2,53587
2024-08-02 09:15:00,992.95,997.2,990.8,995.95,100493
2024-08-02 10:15:00,995.95,997.0,993.3,995.0,45398
2024-08-02 11:15:00,994.75,995.65,993.05,994.35,33621
2024-08-02 12:15:00,994.35,994.8,992.3,993.05,35318
2024-08-02 13:15:00,993.35,993.85,991.9,993.0,47448
2024-08-02 14:15:00,992.6,993.1,991.05,991.8,58517
2024-08-02 15:15:00,991.8,992.5,991.6,992.2,31272
2024-08-05 09:15:00,981.05,985.5,970.6,982.6,373420
2024-08-05 10:15:00,982.6,983.0,973.1,974.0,164434
2024-08-05 11:15:00,974.25,977.0,970.1,975.95,165635
2024-08-05 12:15:00,975.95,977.85,970.1,974.2,125476
2024-08-05 13:15:00,974.15,980.0,974.1,978.15,69849
2024-08-05 14:15:00,978.2,979.5,975.0,976.85,88274
2024-08-05 15:15:00,976.6,978.0,975.05,977.45,57240
2024-08-06 09:15:00,976.25,993.95,976.0,989.55,135007
2024-08-06 10:15:00,989.55,990.8,980.5,984.5,79973
2024-08-06 11:15:00,985.0,991.5,985.0,991.0,64919
2024-08-06 12:15:00,991.0,992.0,986.05,990.25,111223
2024-08-06 13:15:00,990.3,992.0,978.5,979.0,108894
2024-08-06 14:15:00,979.0,987.0,976.5,983.7,90728
2024-08-06 15:15:00,984.4,984.85,978.0,981.35,57625
2024-08-07 09:15:00,989.6,992.0,984.0,985.55,107805
2024-08-07 10:15:00,985.55,990.0,983.1,987.2,66662
2024-08-07 11:15:00,987.2,993.2,986.55,992.0,84556
2024-08-07 12:15:00,992.0,995.0,991.7,993.5,61459
2024-08-07 13:15:00,993.5,993.5,990.1,992.4,59379
2024-08-07 14:15:00,991.75,999.75,991.6,998.45,114106
2024-08-07 15:15:00,998.45,1001.95,998.0,1000.0,66155
2024-08-08 09:15:00,999.6,1004.3,995.0,996.75,80903
2024-08-08 10:15:00,997.25,998.45,992.2,994.0,66374
2024-08-08 11:15:00,994.0,997.95,992.5,997.65,74582
2024-08-08 12:15:00,997.65,997.85,994.8,995.8,58755
2024-08-08 13:15:00,995.8,997.45,995.0,996.5,47422
2024-08-08 14:15:00,996.45,999.75,996.0,999.05,67103
2024-08-08 15:15:00,999.05,999.9,993.7,999.6,46744
2024-08-09 09:15:00,1004.0,1009.95,999.6,999.65,106095
2024-08-09 10:15:00,999.95,1001.0,996.25,1000.25,45667
2024-08-09 11:15:00,1000.6,1000.65,996.55,997.4,31451
2024-08-09 12:15:00,997.4,997.5,988.75,989.75,77024
2024-08-09 13:15:00,989.8,993.0,988.5,991.35,38330
2024-08-09 14:15:00,990.75,992.3,990.0,990.25,46323
2024-08-09 15:15:00,990.55,990.6,987.5,989.9,41032
